EstacaoCodigo,Data,Maxima,Total,DiaMaxima,NumDiasDeChuva,TotalAnual,Chuva01,Chuva02,Chuva03,Chuva04,Chuva05,Chuva06,Chuva07,Chuva08,Chuva09,Chuva10,Chuva11,Chuva12,Chuva13,Chuva14,Chuva15,Chuva16,Chuva17,Chuva18,Chuva19,Chuva20,Chuva21,Chuva22,Chuva23,Chuva24,Chuva25,Chuva26,Chuva27,Chuva28,Chuva29,Chuva30,Chuva31
734006,01/06/2019,182.4,672.2,14,24,,11.8,0,0.4,0,1,0,0,0,1.4,69.8,5.8,6,145.2,182.4,0.8,81.6,63.8,20.8,3.8,1.6,30.4,2.4,0.1,0.4,0.2,5.3,5.8,0.6,30.8,0,
734006,01/05/2019,45,204.5,21,21,,0.2,0,0,0.1,12,0.4,27.4,32.2,2.2,0,0,0,0.1,0,3.6,0,0,0,5.2,5.4,45,0.2,2.8,1.4,0,15.6,22.8,3.6,7.5,8.8,8
734006,01/04/2019,53,182.7,1,24,,53,2.2,1,0.8,3,1.2,0.4,3,0.3,0,15,5.4,19,2.8,0,0,0,7.4,0,4.4,32.2,0,3,3.2,10,2,1,5.2,1.2,6,
734006,01/03/2019,55.4,239.8,27,20,,0,12.8,20.1,13.6,6.9,0,0,0,0,0,0,10.6,1.8,0.7,0,0,1,28,20,0,0.2,0,1.4,23.6,0.3,3,55.4,6.4,19.8,6.4,7.8
734006,01/02/2019,71,200.8,13,,,0.4,0,,4.2,0,37.2,12.4,0,0,2.4,2,0,71,60,0,2,0.4,2.8,0,0,0,0,0.4,0.6,0,5,0,0,,,
734006,01/01/2019,28.4,72.6,27,8,,0,5.4,0,0,0,0,0,0,0,0,7,0,6.2,0,0,0,0,0,0,0,0,0,0,0,0,6,28.4,14.6,1,0,4
734006,01/12/2018,24.6,57.7,17,11,,0,0,0,0,0,6.6,0,0,0.1,9,1.4,6,7.4,0,0,0,24.6,0.9,0,0,0,0.1,0.4,0,0,0,0,0,0,0,1.2
734006,01/11/2018,4.2,17.8,23,11,,0,1.8,0,1.2,0,0,0,0,0,0,0,0.1,0,1.4,0,0,0,0,0,0.3,0,0,4.2,3.2,1.4,3,1,0.2,0,0,
734006,01/10/2018,0.8,1.9,4,3,,0,0,0,0.8,0,0,0,0,0,0,0,0,0,0,0,0.7,0,0,0,0,0,0,0,0,0,0.4,0,0,0,0,0
734006,01/09/2018,10,35.6,2,,,0,10,0,0,0,0,0,0.6,0.2,7.2,4.6,0,0,0,0,0.6,1.6,2.1,0.2,2.4,1.1,0.6,0,1.4,1.4,,0.4,0.4,0.8,0,
734006,01/08/2018,29,82.8,10,20,,1,0.2,1.2,0,0,1.6,0,0.8,13.8,29,0,1.6,0,0,0,0,0,5.2,0,0.6,0,0.2,1,0.4,10,3.6,0.4,0.6,0.6,8.8,2.2
734006,01/07/2018,106.2,198.8,11,,,0,,7.6,1.2,0,10.2,1.2,0,1,0,106.2,33,2.8,0,0,2.8,0,6.8,0,7.6,0.4,0,0,3.2,0,1.8,5,4.6,1,0,2.4
734006,01/06/2018,27.8,108.9,8,24,,0,0,22.1,1.6,0.4,0.4,12,27.8,0.5,0,1,0,0,2.5,3.8,8,6.2,2.8,2.2,0.8,0.4,3,0,3,1.2,1.6,1.4,1,4,1.2,
734006,01/05/2018,68,245.8,17,24,,26.8,8.5,0.1,3.3,11.4,15,0.6,0,49.7,5.2,0.2,2,0.4,0,11.2,3.6,68,3.6,3.6,0,0,0,10.8,0.2,0,1,0,3.8,5.4,1,10.4
734006,01/04/2018,42.4,357.7,30,25,,0.6,0.6,0,3.6,0,0.2,25.4,26,0,1.7,41.2,1.4,33.8,0.8,41,17.6,4.8,0,0,1,27.8,10.6,16,4.2,41.2,4.2,2.8,8.5,0.3,42.4,
734006,01/03/2018,71.6,204.4,30,13,,9.6,13.4,9.2,0.8,0,19.4,0,0,0,0,0,0,0,0,0,0,0,0,0,0,0,0,0,0.6,7.4,2.4,0.4,3.4,60.8,71.6,5.4
734006,01/02/2018,39.6,142.3,14,16,,0.4,1.4,0,0,0,0,0,0.4,5.4,1.5,0.4,1.2,4.6,39.6,39.2,6,0,29,0.2,0,0,0,5.4,0,0,1.4,0,6.2,,,
734006,01/01/2018,40.8,100.7,20,14,,0.8,0,0,0,0,0,0,0,3,2.4,0.6,0,0,0,0.5,4.4,3.6,27.4,4.6,40.8,0.4,0,2,3,0,0,0,0,7.2,0,0
734006,01/12/2017,18.2,26.6,21,4,,0,0,0,0,0,0,0,0,0,0,0,0,0,0,0,0,0,0,0,0,18.2,0,5.6,0.4,0,2.4,0,0,0,0,0
734006,01/11/2017,5,11,5,9,,0,0.8,1,0,5,0,0,0.4,0,0.5,1.7,0,0.6,0,0.6,0,0,0,0,0,0,0,0,0.4,0,0,0,0,0,0,
734006,01/10/2017,17.4,51.6,24,15,,0,0,0,0,0.4,1.9,2,0,1.2,0.7,4.8,0,0,0,0,0,0.4,4,0,8,2.8,1.4,1.4,17.4,0,0,4.2,1,0,0,0
734006,01/09/2017,40.1,120.6,7,23,,0,0,2,6.3,6.4,3.4,40.1,6.4,2.2,6.8,2.4,0,4,4.2,5.6,4,3.8,0,0,6,2.8,0.2,7.6,0,2.8,0.2,1,1.8,0.6,0,
734006,01/08/2017,14.8,75.3,18,20,,4,9,0.2,0,0,0,2.4,0.9,0.1,0,2.8,0,0,4.2,0,0,1,14.8,2.4,0,1,0,2.2,2.8,0,11.6,6.2,3.5,2.4,1.8,2
734006,01/07/2017,119.8,442.8,28,31,,37.6,4.2,1.2,0.4,7.2,32.7,0.6,3.2,13,9.6,0.6,3,1,9.8,2.4,3.4,6.2,0.5,3,7.6,96.4,2.2,5.4,1.4,2.6,10.4,0.4,119.8,48.8,1.2,7
734006,01/06/2017,60.4,320.9,29,28,,0.1,0.4,8.2,10.8,4.4,4.6,0,0,1,1,1,0.2,2.2,2.4,3.4,20.4,7.2,7.8,15.1,3.6,5.6,1.3,3.6,15.8,10,43.6,3.6,37.5,60.4,45.7,
734006,01/05/2017,140.4,493.8,29,18,,0.4,0.3,74.6,25.2,0,0,28.8,8.7,50.8,0.6,21.1,4.2,0,0,0,0,0,0,0.4,58.2,0.7,10.4,0,0,0,0,0,16.8,140.4,38,14.2
734006,01/04/2017,71,276.5,13,23,,0,20.2,0.4,0,9.9,3.2,0.8,0,1.6,2.2,21.3,26.4,71,12,1,0,21.8,1,1.4,0,0.2,0,1.8,1.3,9,2.8,0,8,2.8,56.4,
734006,01/03/2017,45.2,145.5,13,19,,12.4,2.2,21.6,0.1,2.8,0,1.2,0,0,1,0,12.6,45.2,0,18.4,18,0.2,0,0.2,0.5,0,1.4,1.8,0,0,2.4,0,0,0.1,0,3.4
734006,01/02/2017,11.8,41.7,19,,,0,0.4,0,1,0,0,0,0,0,0,,2.4,0,0.1,0.1,0,0,0,11.8,1.6,1.4,0,1,11,0.4,10.5,0,0,,,
734006,01/01/2017,12.8,45.9,28,10,,0,0.3,0,0,0,0,0,0,0,1,0,0,0,0,0,2.4,0.3,0,0,0,0,6.4,12.5,1.6,0,0,0.2,12.8,8.4,0,0
734006,01/12/2016,22.6,64.8,29,10,,0,0,0,2.6,0,0,0,0,0,0.2,0,0,0,0,0,4.8,0.4,3.4,0,6.8,0,9,0,5.8,0,0,0,9.2,22.6,0,0
734006,01/11/2016,2.4,8.6,7,8,,0,0,0.2,2,0,0.2,2.4,0,0,0,0,0,0,0,2.4,0.2,0,0,0,0,0,0,0,0.4,0,0,0,0.8,0,0,
734006,01/10/2016,4,11.4,21,4,,0,0,0,0,0,0,0,0,0,2.4,0,3.2,0,0,0,1.8,0,0,0,0,4,0,0,0,0,0,0,0,0,0,0
734006,01/09/2016,37.2,52.8,11,11,,1.8,0,1.4,0.6,0.4,1.4,1.1,0,0,7.4,37.2,0.6,0,0,0,0,0,0,0,0,0.6,0,0,0,0,0.3,0,0,0,0,
734006,01/08/2016,9.7,47.3,28,18,,1.6,1.8,4.4,0.5,0,2.4,0,0,0,2.2,0,0.3,0,0,0,3,0,1.4,0.8,9.2,3.4,0,0,1.4,1.2,0,0,9.7,0.4,3.2,0.4
734006,01/07/2016,6.2,45.8,20,21,,1.8,1.8,1.8,0.4,5.4,0.2,2.9,0,0,1.8,0,0,1.8,4.4,0.8,0,0.1,0,0,6.2,0,0,0,4,5.6,0.4,0.6,0.8,2.7,1.1,1.2
734006,01/06/2016,68,254.7,3,16,,0,0,68,22.8,14.8,3.2,6.3,0,0,0,0,0,0,0.2,22.3,0,0,0,5.8,3.4,0.2,29,30,0.4,0,0.5,35.8,12,0,0,
734006,01/05/2016,108.4,359.7,9,21,,35.2,13.6,0.4,1.4,0.2,0,0.2,0,108.4,5.4,9.2,15,0,0,0,0,7.2,12.8,0,1.3,8.7,0,0,2.4,4,9,3.1,7,0,21.8,93.4
734006,01/04/2016,,374.3,,,,0.2,0.2,17.4,0,0,2.6,0,0,0,0,1.2,0,8.9,5.2,,147.4,113.4,41.4,14,7.6,0.2,6,0.4,1,0,0.9,0.3,0,1.8,4.2,
734006,01/03/2016,35.4,145.1,18,16,,0,0,4,8.9,0,0.2,0.4,0,0,0,0,0,0,0.1,7.2,10.8,28.6,35.4,0,0,0,0,0,1.8,8.6,1.6,5.4,0,0.5,30.4,1.2
734006,01/02/2016,37.2,104.2,21,15,,4,0,0,0,0,0,0,10.4,1,0.6,0,0,0,0,0.2,3.2,0,1.6,24.6,2,37.2,2.6,5,11.4,0.2,0,0,0.2,0,,
734006,01/01/2016,24.8,100.5,19,17,,1.6,2.4,0,0,0,0,0,0,9,23.6,0.6,1.6,0,0.3,1.8,0.6,0.2,10,24.8,0,0,0.6,13.2,2.9,0,0,0,0,0,0.7,6.6
734006,01/12/2015,28.6,62.3,24,11,,0,0,0,0,0,0,0,0,0.4,0,0,0,0,0,0,0.2,0,1.2,0.2,0.6,0,3,1.2,28.6,25.2,0.6,0,0,0,1.1,0
734006,01/11/2015,3,4.8,17,4,,0,0,0.6,0,0,0,0,0,0,0.5,0,0,0,0,0,0,3,0.7,0,0,0,0,0,0,0,0,0,0,0,0,
734006,01/10/2015,7.2,19.5,15,7,,0,0,0,0,0,0,0,0,0,2,0,0,1.4,4.4,7.2,1.7,0.2,2.6,0,0,0,0,0,0,0,0,0,0,0,0,0
734006,01/09/2015,29.6,56.9,1,11,,29.6,5,0,0,0,0,0,0,0.7,0,0,0.4,0,0,12.9,3.4,0.6,2.2,0.6,0.5,0,0,1,0,0,0,0,0,0,0,
734006,01/08/2015,16.2,50.6,12,18,,5.9,2,1.1,0,1.6,0,0,0.2,0.4,4.2,5.6,16.2,5.6,1.2,1.9,1,0,0,0.9,0,1.4,0,0,0,0,0,0,0,0.4,0.6,0.4
734006,01/07/2015,59,379.6,27,27,,24.2,3.8,6,20.4,2.8,0.8,0,24,0,0.6,1.4,2.2,1.4,0.2,0,22,44.8,2,11.4,4.6,27.4,7.8,32.4,15.6,0,8.4,59,23.8,7.4,11.8,13.4
734006,01/06/2015,64,325.6,4,24,,3.2,4.9,0,64,0.3,13.8,13.6,18.4,2.2,7.6,0,1.7,0,7.2,4.8,0,1.6,1.8,6.8,0,2.8,12.8,16.7,23.4,16.2,45,1.4,0,54.8,0.6,
734006,01/05/2015,25,77.6,21,13,,0,1.5,1,0,0,0,0,8.4,0,0,0,0,0,0,1.8,0,6.2,2.8,8.4,6.9,25,4.2,1.6,0.2,0,0,0,0,0,0,9.6
734006,01/04/2015,5.8,9.3,7,3,,0,0,0,0,0,0,5.8,0,0.7,0,0,2.8,0,0,0,0,0,0,0,0,0,0,0,0,0,0,0,0,0,0,
734006,01/03/2015,94.2,406.6,8,20,,0,0,0,4,3.8,45.8,0,94.2,21.4,0.8,0,0.6,0,0.1,0,0,0.2,0.4,1.1,8,11,89,24.1,65.2,0.3,0,0,0,7,5.8,23.8
734006,01/02/2015,13.8,40.7,25,12,,0,0,0,0,0,0,0,0,0.4,2,0,0,0,0,0,0,2,0.6,1.6,6,2.6,7,2.1,2.4,13.8,0.2,0,0,,,
734006,01/01/2015,29,54.8,2,15,,0,29,5.6,0,0,0.1,0.4,0,2,1.8,3.2,1,0.8,0.7,0,0,0,4.4,0,0,0,0,0,0.3,0.2,0,0,0,4.6,0,0.7
734006,01/12/2014,4,23.1,3,17,,0.4,0,4,1.6,0,0,0.5,0,4,0.8,0,1.6,0.5,0,0.6,2.1,0.4,0,0.2,0.4,0.4,2.6,0,0,0.8,0,0,2.2,0,0,0
734006,01/11/2014,1,1.6,4,2,,0,0,0.6,1,0,0,0,0,0,0,0,0,0,0,0,0,0,0,0,0,0,0,0,0,0,0,0,0,0,0,
734006,01/10/2014,9.2,40.5,14,22,,0.4,1,0,1.4,0.4,2.6,3.8,1.4,0,3,3.2,4.2,0.8,9.2,0,0,1,0.1,0.2,0,0,0.2,0.4,0,0,0.2,0,3.3,2.6,0.7,0.4
734006,01/09/2014,67.6,199.2,8,20,,6.2,5,0.6,0,0,0.2,26.8,67.6,52.8,1.2,6.4,3.2,10.2,4.2,0,0.4,0,1.6,4.2,0,1,0.1,0,0,0.1,0,0,6.4,0,1,
734006,01/08/2014,15.2,79,22,20,,1.3,0,0,0,0,0,5.3,1,0,0.2,9.8,0.2,3.2,0,0.7,5.6,5.4,5.3,2.4,1.9,0,15.2,1.6,0,0.2,1,0,9.8,8.5,0.4,0
734006,01/07/2014,32.6,153.1,13,25,,0,0.4,6,0.2,0,2.2,0,7.8,14.2,4,0,1.6,32.6,21.5,0.2,15.2,1,5.2,7.2,1.2,0.1,0.4,0,1.9,3.4,7.8,0,16.8,0.8,0.7,0.7
734006,01/06/2014,67.4,234.2,24,24,,3.2,0.2,0,0,0.1,63.6,0.2,2,0.5,1.6,0.1,5.8,3.8,5.6,38.8,0.2,0,0,7.6,0,2.4,1.8,6.8,67.4,7.4,6,0,0.4,8.5,0.2,
734006,01/05/2014,75.5,265,14,21,,0.4,6.2,44.4,2,15.2,21.4,16.7,1.2,0,0,0.4,0.1,6.6,75.5,11.6,5.6,15.9,0,0,0,3.8,3.4,2.8,0,0,0,2.4,12.8,16.6,0,0
734006,01/04/2014,39.2,134.1,29,17,,0,0,0,0.2,13,7.4,0,0,9.4,0,0.4,6,9.8,0.3,3.4,0,20,0,1.6,4.2,6.4,1.2,0.4,0,0,0,0,0,39.2,11.2,
734006,01/03/2014,41.4,150.5,14,19,,0.4,1,0,1.2,0,10.4,0.6,0,2.8,0.3,0.2,20.2,9.8,41.4,15.2,0,0.2,2.4,3.8,15,0,2.2,0,0,0,22.4,0,1,0,0,0
734006,01/02/2014,29.1,108.2,13,12,,0,6.6,1.2,16.4,0,3.8,0.2,1.3,0,28.2,0,0.2,29.1,0,0,0,0,8,0,0,0.8,0,12.4,0,0,0,0,0,,,
734006,01/01/2014,21.8,85.8,6,12,,0,0.4,0,0,0,21.8,0.6,0,11.2,11.4,0,2.7,6.2,0,0,0,0,0,4.2,0,0,0,0,0,0,0,4.6,0,4.8,17.2,0.7
734006,01/12/2013,6.7,21.4,1,13,,6.7,0.4,0,0,0,0,0,0.5,0,0,0,0,0,0,0,0.2,0.7,0.4,2.9,2.8,1,1.6,0,0,0.4,0,0.6,0,0,3.2,0
734006,01/11/2013,10.2,33.4,21,11,,0.6,8.2,8.2,0.7,1,0,0,0.4,0,0,0,0,0,0,0,0,0,0.4,0,0.4,10.2,3,0,0,0,0,0,0,0,0.3,
734006,01/10/2013,11,40.2,25,16,,1.2,0,0,0,0,0,0,0,0.4,0,0,0.8,2.8,0.6,1.2,0.2,0,0,0,0,1.6,0.4,0.4,0.4,11,6,7.8,4.4,0,0,1
734006,01/09/2013,159.2,287.5,4,21,,2.3,0.2,16.8,159.2,0,2.4,0,3.4,4.7,22.8,1.4,14.4,19.7,7.6,13,0,0,0,0,0,1.8,2.5,4.3,5.2,3.6,0,0.2,1.6,0.4,0,
734006,01/08/2013,103.2,252.2,30,24,,0,0,0,0,0.4,7.2,0.6,7.8,1.3,2,0.1,0.2,1.8,17.5,24.4,0,0.5,19.4,24.8,2,0.2,0.1,2.8,0,0.7,0.2,3,0,9.6,103.2,22.4
734006,01/07/2013,123.6,142.8,3,3,,0,14.6,123.6,4.6,0,0,0,0,0,0,0,0,0,0,0,0,0,0,0,0,0,0,0,0,0,0,0,0,0,0,0
734006,01/06/2013,132.2,488.7,9,21,,0,19.6,17.3,8.4,49.2,2.6,0,0.3,132.2,0,0,17.2,83.6,21.7,0.6,0,13.9,0.2,14.6,2,11.4,80.6,0,0,0,4.8,5.6,1.5,1.4,0,
734006,01/05/2013,49.3,185.7,14,16,,8,0.1,0,0,0,9.6,0,0,0,1.7,0,0,1.8,49.3,0.2,0,12,49.2,3.8,0,0,0,4.2,0.7,25.3,0,0,1,0,16,2.8
734006,01/04/2013,54,271.2,28,18,,2.8,1.6,2.4,0,0,0,0,0,0,0,1,0,1.1,1.2,0,0,0,13.2,9.8,6.9,36,14.2,0,24.6,37.2,1.2,0.6,54,53.4,10,
734006,01/03/2013,12,17.5,4,7,,0,3.3,0,12,0,0.4,0,0,0.4,0,0,0,0,0,0.2,0,0.8,0,0,0,0,0,0,0.4,0,0,0,0,0,0,0
734006,01/02/2013,18.6,39.7,18,13,,0,0,0,0,0,0,0,0,1,1.3,1,0,0.4,0,0.4,0.4,0,18.6,7.4,3,0.9,4.8,0,0.1,0.4,0,0,0,,,
734006,01/01/2013,16.2,51.3,19,16,,1.3,2,11.4,4.4,2.8,0,1,0.5,0,0,0,0.4,3,7.2,0.2,0.3,0.3,0,16.2,0,0.1,0,0,0,0,0,0,0,0,0.2,0
734006,01/12/2012,2,7.5,17,7,,0.5,1.6,0.8,0,0,0,0,0,0,0,0,1.4,0,0,0,1,2,0,0,0,0,0,0,0,0,0,0.2,0,0,0,0
734006,01/11/2012,1,2,30,5,,0,0,0,0,0,0,0,0,0,0,0,0,0,0.3,0.2,0.3,0,0,0,0,0,0.2,0,0,0,0,0,0,0,1,
734006,01/10/2012,11,30.5,11,14,,0,4.2,3,0,0,0.4,2.2,1,1.8,0,11,0.3,4,0.4,0.4,0,0,0,0,0,1.2,0.2,0,0,0,0,0,0.4,0,0,0
734006,01/09/2012,11.8,36.7,6,14,,4,1.6,0,0.4,4.8,11.8,0,1.2,0.1,0,2.6,2.5,0,0,0,1,1.3,4.2,0.4,0,0,0,0,0,0,0.8,0,0,0,0,
734006,01/08/2012,25.6,81.1,18,23,,0.6,5,0.4,0.3,0,0,0,0,5.2,0.5,2.6,0.5,5.3,7.2,3.8,1,3.9,25.6,0.8,1.8,2.6,0,4.4,3.4,0.3,5.2,0.1,0.6,0,0,0
734006,01/07/2012,100,290.5,13,23,,0.1,67.4,35.4,6.4,1.5,0.2,0.6,0,2.4,4.6,3.3,0,100,10.2,1.2,0,1.4,19.4,0,0,1,0.2,13.2,0,0.6,1.2,17.8,1.2,0,1.2,0
734006,01/06/2012,151.6,538.1,28,23,,0,4.8,1.2,4.4,3.6,0,131,2.7,0,0,8.8,1.6,0,13.6,0.1,1.4,0.2,0.4,51.6,111.4,1,3.2,0.1,0,23.6,12.6,0.4,151.6,8.8,0,
734006,01/05/2012,67.8,216.5,23,17,,0,0,0,0,8,5,11.2,4.4,0,0,0,5.2,0,0,0,0,0,0,0.3,13.8,0,1,67.8,14.2,17.2,24.8,18.8,3.3,5.8,11.2,4.5
734006,01/04/2012,16.4,47,2,11,,0,16.4,2.4,8.9,1.8,6.3,8,0.2,0.5,0.6,0,0,0,0,0,0,0,0,0,0.2,0,0,0,0,0,1.7,0,0,0,0,
734006,01/03/2012,36.2,71,11,13,,0,0.8,0,0,0.2,0,0,0,0.3,14.4,36.2,0.5,7.4,0,0.1,0,0,3,0,0,0,0,0,3,0,0,1.4,1.7,0,2,0
734006,01/02/2012,54.8,141.3,18,14,,0,0,0,2.8,0.1,0,3,0,0,0,0,0,0,0.4,6.2,5,14,54.8,22.2,0.4,0,19.6,0,0,0,0,7.2,5,0.6,,
734006,01/01/2012,118.2,206.4,24,15,,1,6.8,0,0,0,0,0,4.6,9.6,0,4.7,6,1,0,0,0,0,0,11.6,20.6,0,3.2,16.4,118.2,0.2,0,0,0.3,0,2.2,0
734006,01/12/2011,2.7,8.4,6,9,,0,0.4,0,0,0.2,2.7,0,0,0,0,0,0,0,1.3,0,0,0,0,0,0,0,0.2,0.1,0.2,1,2.3,0,0,0,0,0
734006,01/11/2011,16.1,45.2,15,13,,0.3,0,1.3,0,0,1.8,0,0,0,0,1.8,0,1.4,4,16.1,0.4,2,0,0,0,0,10.1,0,0,0.2,0,0,3.8,2,0,
734006,01/10/2011,3.2,9.6,15,14,,0,0.1,0,0,0.6,0.4,0.4,0.1,0,0,0.6,0,0,0.1,3.2,0.9,0,0,0,1.8,0.5,0.2,0.1,0,0,0,0,0,0,0.6,0
734006,01/09/2011,11.4,36.5,15,16,,0,2.8,0.4,7.7,1.1,0,0,0,0.1,0.2,1,0,0,0.4,11.4,0.8,5.8,0,3.3,0,0,0,0,0.1,0,1.1,0.2,0.1,0,0,
734006,01/08/2011,31.8,215.5,9,21,,13.8,0,0,0,0,0,1,10.2,31.8,1.6,0,3.8,2.5,30,14.1,5.2,15.2,8.8,3.1,0,0.6,0.2,31.6,0.3,2.4,30.6,3.9,0,4.8,0,0
734006,01/07/2011,79.6,425.8,16,26,,0,10.8,21.1,0,1.6,18.8,9.1,32.2,0.4,0.9,19.2,73.4,56.4,0.4,0.2,79.6,55.4,7.4,1.4,1,0,0,0.2,1,0,0.2,14.2,4.7,0.6,11.2,4.4
734006,01/06/2011,42.6,248.7,4,22,,0.4,0,1.8,42.6,0,5,7.4,1.2,0,5.6,1,24.4,3.8,0,0,5.8,25.8,4.8,0,3.4,22.7,28.9,1.8,0.2,0,11.8,0,7.8,33.1,9.4,
734006,01/05/2011,165,484.7,20,26,,20.1,37.8,28.8,51,18.2,6.2,0,0,9.2,6.6,22.2,2,0,1,8.8,8.8,0,9.2,19.8,165,1.2,0,15,16,0.4,7,1.4,0.5,8.6,19.8,0.1
734006,01/04/2011,77.4,428,9,24,,8,0,0,0.2,1.4,3.8,0,6.2,77.4,5.2,25.4,56.2,72,14,1.4,0,0.3,32.4,24.8,15.3,28.8,1.4,0.4,4.2,1.8,35.2,0,0,5,7.2,
734006,01/03/2011,21.8,66.2,1,13,,21.8,0,0,2.2,0,0,0,1.4,4.4,0,2.4,0.7,0,0,13.8,0,0,0,0,0,0,0,9,0.6,0.7,0.8,0,7.4,0,0,1
734006,01/02/2011,119.8,222,20,13,,0,0,3.3,1,0.2,0,0,0,0,0,0,1,52,4.6,0,7.2,0,0,0.4,119.8,28,2,0,0,2.4,0.1,0,0,,,
734006,01/01/2011,89.4,223.4,20,18,,0,0,0.4,4.8,0,50.2,0.8,0,0,0,6,3.4,0,0,1.1,0.3,0,0,0,89.4,5,6.2,17.6,14.2,15.4,1.2,2,5,0,0.4,0
734006,01/12/2010,19.6,38.5,17,10,,0.1,0,0,0,0,0.2,0,0,0.7,0.8,0,0,0,0,0,0,19.6,9.8,0.1,0,4,0.4,0,0,0,0,0,0,0,0,2.8
734006,01/11/2010,3.8,10.1,10,7,,2.7,0,0,0,0,0,0,0.3,0,3.8,0.8,0,0.7,0.2,0,0,0,0,0,0,0,0,0,0,0,1.6,0,0,0,0,
734006,01/10/2010,12.8,16,24,4,,0,0.4,0,0,0,0,0,0,0,0,0,0,0,0,0,0,0,0.2,0,0,0,0,0,12.8,0,0,2.6,0,0,0,0
734006,01/09/2010,21.1,92.4,20,19,,2,6,0,3.4,3.6,0,2.8,0,15,9.4,13,0,0.1,0,5.8,0,0.1,0,0,21.1,2.2,0.2,0,1.4,1.2,2.2,0.3,2.6,0,0,
734006,01/08/2010,30.3,189,22,23,,8.4,0.2,13,1.4,0,6.3,3.4,1.2,8.4,25,15.6,28.8,3.8,0,0,0,0,0,0,0,3.2,30.3,9.6,1.8,4,0.1,9,0.1,10.2,1.4,3.8
734006,01/07/2010,39.4,222.4,22,20,,0,1.1,0,0,2.2,1.8,0,12.1,3.6,27.2,0,0.2,5.8,0,0,18.9,26.2,19.6,0,0,0,39.4,18,0.2,19.8,2.3,2,1.8,9.4,0,10.8
734006,01/06/2010,41.6,256.3,18,18,,8.5,0,1.6,39.4,5.6,0,0,1.4,0,5,0,0.6,0,29.8,22.6,7.2,41.2,41.6,0,0,2.6,2,24,0,0,8.4,0,1.4,13.4,0,
734006,01/05/2010,33,111.7,31,15,,0,0,18.8,11,22.4,0.8,0,0,4.4,0,0,0,3.2,5.2,0,0,0,0.2,0,0,0,0,0.1,4.4,3.6,2.1,2.3,0,0,0.2,33
734006,01/04/2010,43,165.9,19,18,,1,0,0,4.8,0.1,6.1,20.8,0,15.4,25.6,0,0,0,5,4,0,2.4,27.9,43,0.8,0,0,3.1,0,1.8,0,0.8,2.7,0.6,0,
734006,01/03/2010,12.9,30.9,24,9,,0,0,0,0,0,0,0,0,0,0,0,0,0,0,0.8,0,0,1.2,0,0,0.2,0,0,12.9,0.9,1,0.1,0,11.8,2,0
734006,01/02/2010,18.2,76.9,23,12,,0,3.2,0,0,0,0,0,0,0,4.8,0.4,0,4.4,4.9,0,11.6,0.6,0,5.6,5.8,1.2,16.2,18.2,0,0,0,0,0,,,
734006,01/01/2010,23.9,110.9,24,16,,2.4,1,17.6,4.6,0,0,0,0,0,2.2,1.6,6.7,0,0.1,0,2.8,10.9,12.2,9.8,2.8,7.6,0,0,23.9,0,0,0,0,0,4.7,0
734006,01/12/2009,10.6,25.5,22,10,,0,0,1.8,1,0,0,0,0,0,0,0,0,0,0,0,3.8,0.5,4.4,0,0,0,10.6,2.2,0.4,0,0,0.5,0,0,0.3,0
734006,01/11/2009,38.4,45.8,14,10,,0,0,0,0.3,0.2,0,0.3,1,0,0,0,0.1,0,38.4,0,0,0,0,0,0,0,0,0,0,0,0,0.3,0.2,4.6,0.4,
734006,01/10/2009,9.8,19.3,31,5,,0,0,0,0,0,0,0,0.3,0,0,0,0,0,0,0.1,0,3.3,0,0,0,0,0,0,0,5.8,0,0,0,0,0,9.8
734006,01/09/2009,37,77.1,12,9,,0,0,0.1,0,0,0,0,0,0,0,9.4,37,2.6,18.2,0.4,0,0,0,0,0,0.3,0,0,0,0,0,0,4.3,4.8,0,
734006,01/08/2009,23.2,127.9,7,23,,0,9.6,4,2.6,9.2,5.5,23.2,1.1,7.6,7.2,0.1,1,0,2.6,1,1,0.1,0,0,3.4,2.2,3.4,1.2,8.8,8.1,15.4,9.6,0,0,0,0
734006,01/07/2009,84.2,419.8,19,28,,0.8,0.8,1.1,62.2,38.3,10.4,55.8,6.6,3.6,4.6,0,13.4,12.8,0.6,1,15,8.8,12,84.2,0,6.4,49.9,15.4,0.6,6,3.4,0.7,0.4,0,4,1
734006,01/06/2009,67.8,303.9,6,26,,12.9,30.2,4.1,4.2,9,67.8,1.8,0,1,14,1.1,8,0,5.6,0.8,0.8,0.3,0,5,12.4,0.6,4.4,53.4,17.4,9.6,29.6,0,2.3,7.2,0.4,
734006,01/05/2009,146.6,521.2,23,26,,13.8,17.4,34.6,38.3,0.6,0,0,0,5.5,0,76.2,1.2,9.8,0,0.6,10.4,12,15,2.4,17.4,9,5.6,146.6,13.4,7,23.4,39,10.4,0.2,5,6.4
734006,01/04/2009,129.9,547.4,23,24,,2.2,0,0,0,0,5.4,0.1,0,0.4,0,17.2,44.9,13,120.2,2.2,7.6,0.8,6,1.8,59.4,4.3,14.2,129.9,0.2,9.8,6,8.6,71.4,18.8,3,
734006,01/03/2009,61.4,138.8,2,17,,2.8,61.4,29,0.4,0.1,0.8,0,0,0,0,0,0.5,0,0,0,19.6,12.6,0.8,0.1,0.4,0,0,0,0,0.3,0,0.1,0,7,2,0.9
734006,01/02/2009,113.6,260.1,22,17,,0,0,4.8,5.3,11.7,0.6,0,0,0,0,0,2.2,1.4,0,0.2,8.6,0,0,1,47.4,5.7,113.6,3.8,48.2,1,3.8,0,0.8,,,
734006,01/01/2009,34.8,57.7,30,6,,0,0,0,0,0,0,0,0,0,0,0,0.1,0,0,0,0,7.6,0,0,0,2,0,0,0.4,0,0,0,0,0,34.8,12.8
734006,01/12/2008,26.8,60.2,10,12,,0,0,0,0,0,0,3.2,2,1.2,26.8,1,0,0,0,0,0,0,0,0,0.8,0.6,18.2,0.4,5.6,0,0,0.2,0,0.2,0,0
734006,01/11/2008,1.7,6.6,25,6,,0,1.2,0.5,1,0,0,0,0,0,0,0,0,0,0,0.6,0,0,0,0,0,0,0,0,0,1.7,1.6,0,0,0,0,
734006,01/10/2008,10.4,44.9,22,16,,0,1,0.2,2.5,0,1.2,0.6,10,4.6,0.6,0,0,6.4,0.2,3.8,0.5,0,0,0,0,0.6,10.4,0,0,2.2,0,0,0,0,0.1,0
734006,01/09/2008,47.6,86.8,4,15,,2,5.4,2.4,47.6,5,2.6,1.2,0,0.8,5,11.2,0,0,2.6,0,0.6,0,0.1,0,0,0,0,0,0,0,0,0,0.1,0.2,0,
734006,01/08/2008,82.4,326.4,7,22,,0,64.2,9.8,0.2,4.6,1.1,82.4,49.8,0.2,2.6,6.8,7.2,0.8,0,1.4,1.2,15.4,0,2.2,1,0,8.7,0,0,0,11.2,11.2,0,37.4,7,0
734006,01/07/2008,86.4,294.1,1,24,,86.4,29.6,1.6,1,5,10,18.2,5.4,50.6,0.4,9.7,0.6,0.2,0,0,16.2,31,0,0,0,3.9,1.2,0,0,1,9.4,5.4,2.4,1.2,1.3,2.4
734006,01/06/2008,139.2,397.4,16,21,,34.6,0.5,8,18.2,12.1,13.8,1.6,20.2,25.8,1.6,0,0,0,1,18,139.2,28.8,7.8,0,3.8,0,0,0,28,6.2,0.8,0,15,12.4,0,
734006,01/05/2008,87,335.9,27,24,,5.8,31,0,0,0,0,6.6,2,1.4,33.4,4.4,3.2,7.2,3.6,30.3,28.8,0,7.6,0.6,0,0,7.2,1,0.3,3.7,1,87,32.4,4.4,0.6,32.4
734006,01/04/2008,99.2,313.5,28,20,,0,0,0,0,0,0,2,0,44,3.4,5,0,34,2.6,2,9.2,0.6,0.6,0.9,63,2.3,2.9,25,10.1,0.5,0,3.6,99.2,2.6,0,
734006,01/03/2008,86.2,299.3,30,16,,0,0,0,0,0,0,0,0,6.8,0,0,0.4,0.4,0,4,0,1,0,0,85.2,10.8,7.8,10.4,3.2,0,4.6,0.4,8.6,31,86.2,38.5
734006,01/02/2008,4.2,8.8,3,6,,0,0,4.2,0,0,0,0,0,0,0,0,0,0,0,0,1,0,2.4,0,0.8,0,0,0,0,0.1,0.3,0,0,0,,
734006,01/01/2008,45.2,80.6,30,10,,0,0,0,0,0,0,0,0,0.3,0,0,0,1.8,18.8,3,3.6,1,3,0,0,0,0,0,0,0,0,3.6,0,0,45.2,0.3
734006,01/12/2007,5.2,12.6,15,5,,0,0,0,0,0,0,0,0,0,0,3,0,0.6,0,5.2,0,0,3,0,0,0,0.8,0,0,0,0,0,0,0,0,0
734006,01/11/2007,11.3,34,17,12,,0,0,0,0,0,0,0.2,1,0,0,0,0,0,9,2.4,0.2,11.3,0.1,0,0,0.2,0,0,4.2,0,0.2,3.2,2,0,0,
734006,01/10/2007,7.8,30.9,10,11,,0,0.4,0,0,0,0,0,2.8,6,7.8,5,1,0.8,1,0,1.6,0,0,0,0,0.1,0,0,0,0,0,0,0,0,0,4.4
734006,01/09/2007,20.4,73,8,18,,7,0,0,6,4.4,19,1,20.4,0,0.4,3.2,0.8,1,1.8,0.4,3.8,1.2,0,0,0,0.2,0,0,1,0,0,1.2,0,0.2,0,
734006,01/08/2007,79.6,273.5,16,22,,2.2,0.1,0,0,4,20.4,8.4,0.1,1.4,0,6.2,12,4.4,13,10.8,79.6,9.7,2.2,8,38.4,29.4,0,0.2,0.6,0,0,0,0,0,13.6,8.8
734006,01/07/2007,31.2,143.8,8,23,,0,14,0.4,0,6.6,11.4,2.6,31.2,2,9.4,0.2,5.6,1.2,2.4,0,4.6,0,0.2,0,0.1,5.4,15.4,12,0,0,6.4,4.4,5,3.2,0,0.1
734006,01/06/2007,105.4,573.7,13,29,,44.6,13.6,43.2,64.4,11.4,36.8,1.6,1.2,40.4,0.8,0.4,25,105.4,0.2,0.8,0.2,37.1,14.2,35.6,0,1.2,2.2,35,2.8,0.6,19.4,11.2,16.8,2.8,4.8,
734006,01/05/2007,39.8,240.6,8,21,,25,15.2,0,0,33,1.2,0.8,39.8,0.4,0,6.4,0,0,0,5.6,4.6,2.4,0,34,0,1.2,10.4,12.2,3.8,0,0.2,7.8,8.8,0.4,0,27.4
734006,01/04/2007,89.4,234.3,21,17,,0,0,28.2,0,0,0,0,14.2,0,0,0.4,0,11.8,0.9,0,0,2,3.6,20.6,28.8,89.4,0,0.2,1.4,1.6,23,4,0.4,0,3.8,
734006,01/03/2007,64.8,187.1,1,17,,64.8,13,23.6,10,0,0,14.6,0,0.2,0.1,0,1,0.3,0,35.7,0.8,3.4,4.4,0,0,0,0,0,0,0,2,0,8,0,5,0.2
734006,01/02/2007,73,166.6,14,13,,0,0,0,0,0,0,0,0.4,0.2,0,0,0,0,73,5.4,2,0,0,0.8,11.4,0.2,15.2,19.6,3,19.8,0,0,15.6,,,
734006,01/01/2007,8.6,33.8,4,10,,2.8,1.2,3.6,8.6,2,4,0.8,0,4.1,0.6,0,0,0,0,0,0,6.1,0,0,0,0,0,0,0,0,0,0,0,0,0,0
734006,01/12/2006,14.4,41.8,20,12,,0,0,0,0,0.2,0.1,0.1,0,0,0,0,0,0,0.2,0,0,0,0,0.2,14.4,0,8,0.2,0.2,0,0,0,0,11,5.8,1.4
734006,01/11/2006,32.4,42,16,6,,0.2,0,0,0,0,0,0,0,0,0,0,0,0,0,0,32.4,0.4,3.8,4.2,1,0,0,0,0,0,0,0,0,0,0,
734006,01/10/2006,2.9,9.7,10,9,,0,0.2,0,0,0,1.2,0,0,0,2.9,0,0,0,0,0,0,0,0,0,0,0,0,1.6,1,1.2,0,0.2,0,0.2,0,1.2
734006,01/09/2006,19,63.3,1,15,,19,0,2.3,0,0,0,1.6,13.9,0.6,0,1.2,7.3,0.8,9.6,0.1,0.4,0.3,0,0.8,0,3.6,0,0,0,0,0,1.8,0,0,0,
734006,01/08/2006,22.4,119,9,22,,1.8,0,0.2,9.9,0.3,0,1,0.6,22.4,11.4,1.4,4.6,7.8,0.4,0,7,21.8,3.8,8,0.4,0,0,0,6.6,0,0.2,2,0,0.2,0,7.2
734006,01/07/2006,18.8,139.2,6,24,,2.4,3.2,3.2,1.6,0,18.8,0.2,0.8,14,0,17.6,3.8,0.4,1.8,2.3,10.2,12.3,2.8,0.5,0,0,0,6.6,10,5.8,4.2,16.2,0,0.3,0,0.2
734006,01/06/2006,47.2,271.2,22,27,,0,8.8,4.2,8.3,4.9,19.8,8.2,0.8,0,2.8,0.1,4.6,26,14.2,11.2,0.2,0,4.7,7.6,0.1,6,47.2,9.4,0.2,27,2,30.8,18.9,2.4,0.8,
734006,01/05/2006,33.4,187.9,25,23,,4.3,8.6,2,5.6,18.3,0.1,0.6,0.3,11.6,1.9,0,0.2,0,12.8,0,0,0,5.1,1.9,13.2,0,6.6,2,26,33.4,1.2,9,0.4,0,22.8,0
734006,01/04/2006,51,197.1,23,25,,0,1,0.5,0,3.5,0.1,0.4,0.1,11.4,10.8,0,0,11,0,7.6,6.4,12.6,1.6,1.2,0.5,3.7,0.1,51,37,14.2,5,0.3,0.6,0.1,16.4,
734006,01/03/2006,23.4,85.3,25,15,,0,0,1.1,0,0.4,0,0,0.3,0,0,0,0,0,0.2,0,0,0.1,1.2,0,10.2,12.1,2.2,14.1,5.9,23.4,7.1,0,0,5,2,0
734006,01/02/2006,13.4,14.6,19,5,,0,0,0.4,0,0,0,0,0,0,0,0,0,0.4,0,0,0,0,0,13.4,0,0,0,0.2,0.2,0,0,0,0,,,
734006,01/01/2006,3.2,7.2,14,9,,0,0,0,0,0,0,0,0,0,0,1.5,0.5,0,3.2,0.6,0.2,0,0.3,0,0,0,0,0,0,0,0.1,0.1,0,0,0.7,0
734006,01/12/2005,14.2,25.6,31,12,,1.8,0.2,0,0,1.2,0,4.4,0,0,0.2,0,0,0,0,0,0,0,0.3,0.2,0.2,0.8,0,0,0,0,0,0,0,0.1,2,14.2
734006,01/11/2005,1,4.1,4,8,,0,0,0,1,0.1,0,0,1,0,0,0,0,0,0,0,0,0.8,0,0.2,0,0,0,0,0.1,0.2,0,0,0,0,0.7,
734006,01/10/2005,16.2,25.3,8,11,,0,0,0,0,0,1,0.6,16.2,1.1,0.2,1.8,0,0.6,1.8,0,0,1.2,0,0,0.2,0.6,0,0,0,0,0,0,0,0,0,0
734006,01/09/2005,20.4,63.6,3,17,,0.9,0,20.4,0.4,2.2,11,0,0,0,1.4,0.5,0.4,2.8,6.1,9.2,5.6,1.4,0.1,0,0,0,0,0,0.4,0,0,0.2,0,0.6,0,
734006,01/08/2005,41,215.8,25,28,,0.6,33,5.2,14.2,0.8,3.7,0.3,6.8,1.2,4.1,0.4,15,2.2,0,2,6.2,8.9,0.6,3.4,31.8,1.1,1.9,9.5,7.7,41,4.9,0,0.4,4.7,0,4.2
734006,01/07/2005,31.3,156.9,8,22,,31.2,0,2.4,4.4,0.8,0.1,6,31.3,7.2,2.4,12.6,6,0,0,2.8,0,2,29.4,0,3.2,0.9,0,1.2,0,2,2.2,0,0.2,2.7,0,5.9
734006,01/06/2005,62.8,573.3,12,29,,32.2,2.2,45.6,31.3,18.4,5.6,20.9,23,14.8,0.3,31,62.8,39.2,10.4,33.6,0,0.1,45,13.6,3.8,3.8,1.8,53,18.4,16.8,20.8,6.8,7.1,4.2,6.8,
734006,01/05/2005,129.8,549.5,16,23,,0,0,0,0,0,0,1.4,0.1,0.1,7.6,61.6,45,33.5,13,0,129.8,11.4,0.6,62.8,0.2,0,11.2,61.6,5.2,1.4,15,1.1,17.2,5,58.2,6.5
734006,01/04/2005,28.7,125.1,10,22,,0,1.2,0.8,1,0,0,2.1,0.5,9,28.7,0,12.2,0,2.8,2.4,1.4,14.6,0.3,0.4,0.3,3.2,0.6,0,1,0,7.4,0,8.4,23.8,3,
734006,01/03/2005,78,107.5,27,11,,0,0,0,0,0.4,0,0,0,0,0,0,0.1,0,0,0,0.2,0,0.4,0,0,0,4,0,0.3,0,0.3,78,8,10.4,5.4,0
734006,01/02/2005,24.4,56.6,17,10,,0,7,2.6,0,0,0,0,0.8,0,0.7,0.2,0,0,0,3.3,9.4,24.4,0,5,3.2,0,0,0,0,0,0,0,0,,,
734006,01/01/2005,26.3,37.4,9,4,,0,0,0,0,0,0,0,0.9,26.3,0,0,0,0,0,0,0,0,0,8,0,0,0,0,2.2,0,0,0,0,0,0,0
734006,01/12/2004,2.3,5.1,25,7,,0,0.4,1.4,0.4,0,0,0,0,0,0.1,0,0,0,0.1,0,0,0,0,0,0,0,0,0,0.4,2.3,0,0,0,0,0,0
734006,01/11/2004,3.2,9.1,7,7,,0.4,0,0,0,2.8,0,3.2,0,0.1,0,0,1,1.2,0,0,0,0,0,0,0,0,0,0,0,0.4,0,0,0,0,0,
734006,01/10/2004,11.2,27.4,23,10,,0,1.4,0,6,0,0,0,0,0,0,0.5,0,0,0,0.8,0,0,0,0,0,0,0,11.2,4.4,1.4,0,0,0,0.5,0.8,0.4
734006,01/09/2004,9.4,37.5,24,13,,0,0.4,0,0,0,0,0,0,0.4,0.4,5.1,0,0,0,1.6,0,4.4,0,2.6,0.5,0.4,4.2,0,9.4,4.7,3.4,0,0,0,0,
734006,01/08/2004,44.5,162.5,6,20,,1.6,0,1.8,0,0.7,44.5,4.4,4.2,18.2,0.5,21.3,4.9,0,0,17.2,10.4,9.1,1.6,6.6,12.2,0,0.1,0.1,0,0.2,0,0,2.9,0,0,0
734006,01/07/2004,116.7,475.8,26,24,,0.6,13.2,77.4,37.4,9.8,7,2.8,3.3,1.3,0,0.1,0,41,9.7,51.1,38.4,8.2,0.6,0.6,0,1.4,0,0,0,23,116.7,6.8,2.7,18.7,4,0
734006,01/06/2004,98.5,483.1,18,26,,91.2,0,2.3,0.5,19.7,6.2,2.5,1,1.8,3.3,51.5,0,0,35.5,21.9,4.2,6.8,98.5,5.3,0.4,2.8,23.2,8.2,0,4.4,32.8,18.1,1,39.5,0.5,
734006,01/05/2004,40.2,302,4,24,,1.4,4.1,0,40.2,36.6,29.1,16.9,35,9.8,0.8,0.3,0,0,0,0,1,14.7,0.3,20,15.6,7.5,0,1,37,6.9,0,0.8,9.4,1.4,9.8,2.4
734006,01/04/2004,52.5,136.9,22,22,,1.5,0,1,3.3,11.8,3.4,0,1.7,0.8,2.8,2.5,0.4,0,0.5,0,0,2.2,6.6,2.7,0.5,8.7,52.5,10.2,1.3,0.2,0.2,0,0,0,22.1,
734006,01/03/2004,45.2,158.8,16,14,,2.2,1.8,0,0,0,13.4,40.6,7.8,1.8,15,13.4,0.1,0,0,3.8,45.2,2,0,0,0,0,0.2,0,11.5,0,0,0,0,0,0,0
734006,01/02/2004,39.9,128.2,12,14,,6.6,1.6,16.6,14.7,14.3,0,0,0,0,1.2,0,39.9,6.1,0,2.8,2.5,0,0,0,3.2,0,0,0,0,0,0,16.6,0.5,1.6,,
734006,01/01/2004,75,303.2,27,21,,0.8,0,0,0,0.8,4.9,0,6.4,1,4.3,0,11,0,2.8,20.6,13,2,0,0,15,30.4,10.4,29.4,0,0,1,75,28.6,31,5,9.8
734006,01/12/2003,35,65.5,20,12,,0,0.2,0,0,0,0,0,0,0,0,0,0,0,0,0.5,0.1,5.1,0.4,0,35,11.2,0.2,0,0,0,2.4,0,4.6,4.6,0,1.2
734006,01/11/2003,7.4,15.4,14,9,,0,0,0,0,0,0,0,0,0,0,2.4,0.2,0.1,7.4,0,1.4,0.1,1.4,1.9,0.5,0,0,0,0,0,0,0,0,0,0,
734006,01/10/2003,14,36.3,17,11,,0,0,0,0.3,0,0,0,0,0.2,0,0,0,0,0,0,0.5,14,13,0,0,0,0,1,0.1,1.8,0.1,5.2,0.1,0,0,0
734006,01/09/2003,41.5,97.2,8,14,,1,0.1,0,0.1,1.2,1,1.8,41.5,0,0,2.3,3.7,8.6,5.2,0,27,2.3,0,0,0,0,1.4,0,0,0,0,0,0,0,0,
734006,01/08/2003,,173,,,,,,,,,,,,,,81,0,0,0.1,4,10.4,1,0,0,0.6,0.8,43.3,10,17.2,0,0.4,1.6,2.2,0,0,0.4
734006,01/07/2003,,,,,,0.3,8.5,5.1,4.4,0,20.6,0,2.2,0,0,10.8,14.9,20.8,0,0.2,0,0,0.3,0.2,6.2,0,1.8,,,,,,,,,
734006,01/06/2003,103.4,626.2,15,20,,0,0,5.4,44.8,23.4,0,20.8,0,0.4,42,18.4,23.2,8.2,42.6,103.4,76.2,42.2,0,32,6.4,91.4,0,0,0,4.2,12.2,0,0,25,4,
734006,01/05/2003,80.1,212.6,14,15,,7,1.2,0,0,0,14.8,0,0,0,0,0,1,1.5,80.1,42.6,2.6,1.6,0.2,27.6,0,0,22.4,0,0,0,0,2.2,0.2,0,0,7.6
734006,01/04/2003,90.4,206.7,27,18,,10.4,0,0,0.4,2.8,2.6,0,0,6.2,0.1,0,0,0,0,0,0,0,5.2,7.6,7.6,1,25.2,0.1,0.1,0.2,1.6,90.4,10,0,35.2,
734006,01/03/2003,78,275,17,20,,0,0,0,11.8,0,0,9,0,4.2,0.2,0,0,0.1,0.2,13.2,4,78,0.3,10.4,15,63.4,0,11.4,22.8,5,0.1,0,0,0.1,13,12.8
734006,01/02/2003,101.8,252.9,24,19,,30.7,13.8,4.8,27.8,2.2,1,0,4.6,0,0,0,12,0.6,0,0.2,0,0,0,9.6,0.1,3.3,0,1.8,101.8,18.2,0.4,15.2,4.8,,,
734006,01/01/2003,16.2,51.3,23,11,,0,0,0,0,0,0,0,0,0,0,0,0,0,0,0,0,0,0,5.6,0,4.6,1.6,16.2,1.6,7,5.2,0.2,0.5,0,2.2,6.6
734006,01/12/2002,3.8,10,15,10,,0,1.4,0,0,0.2,0,0,0,2.4,0,0.4,0,0,0.2,3.8,0.9,0.1,0.1,0,0,0,0,0,0,0,0,0,0.5,0,0,0
734006,01/11/2002,8,35.9,22,15,,0,0,0,0,0,0,0,0.8,0,0,1,2.1,0,0.1,0.2,0,0.1,0,0,0,0.4,8,5.3,4,2.2,2.9,1.8,0,2.2,4.8,
734006,01/10/2002,10.6,43.1,9,11,,0,0,0,1,0,0.2,2.4,10,10.6,0.1,0,0.1,0,0,10.2,0,0,0,7.4,0.1,0,0,1,0,0,0,0,0,0,0,0
734006,01/09/2002,9,13.4,11,9,,1.5,0.2,0,0.2,0,0.6,0.2,0,0.6,0,9,0,0,0,0,0,0,0,1,0.1,0,0,0,0,0,0,0,0,0,0,
734006,01/08/2002,41,140.1,17,22,,0,0.2,0,0,0,0,0,0.6,21.6,0,0.2,7.4,2.6,1,7.2,0,41,25.4,0.8,11.8,0.3,0.2,10.4,2.2,1,0,0.2,1.1,2.3,0.7,1.9
734006,01/07/2002,89.4,262.4,10,21,,20,1.2,7.4,7.8,0.2,0.4,0,0,2.6,89.4,22,0,0,0.2,0.7,0,0,0,0,4.6,2.6,1,0,0,1.1,19.6,53.4,23.4,4.2,0.1,0.5
734006,01/06/2002,88,472.3,16,27,,43.4,11.4,0,0,5.5,1.6,80.8,29.8,1.6,10.2,0.1,10.1,11.6,0.6,19.3,88,11,58.2,23.6,14.6,2.6,2.3,0.1,0.4,0,11.9,2.2,0.2,19,12.2,
734006,01/05/2002,61,265.5,7,23,,46,9.5,0.1,0.1,0,4.3,61,10.3,0,4,8.4,0.1,0,0,6.3,33.5,17,0,0.6,18.8,23,3.1,2,0,0,0,3.6,0.6,1.7,10.7,0.8
734006,01/04/2002,35.5,196.7,4,22,,17.7,4.5,0,35.5,4.6,0,0,0,0,23,0,16.5,1.4,5.6,2,4.2,2.4,25.7,0,15.9,7.3,0.6,1.2,3.1,0.3,0.8,0.8,22.6,1,0,
734006,01/03/2002,67,251,7,21,,0,0.5,7,29.4,4.6,3.1,67,24.6,0.2,1.4,0,12.2,0,0,0,0,4,6.4,6.5,0,0,0,15,22,0.6,0.3,5,31.2,1,0,9
734006,01/02/2002,66,133.3,4,14,,0,0,0,66,2.2,2,0,0,8.2,3.4,20.2,8.8,2.6,5,5.4,0.8,5.5,0.6,2.6,0,0,0,0,0,0,0,0,0,,,
734006,01/01/2002,77.4,179.4,10,23,,0.4,1.7,1.3,0,8.7,14.2,15.6,0.3,7,77.4,7.4,12.7,3.4,2.6,0.1,1.8,4.6,0,2,0,2.4,12.6,0,2.4,0.4,0.1,0,0,0.3,0,0
734006,01/12/2001,16.2,50,9,18,,0,0,0,2.3,0.3,0,0,0.5,16.2,10,3.4,11.9,0,0.5,1.1,0.9,0,0.1,0.2,0,0.6,0,0,0.1,0,0,1.3,0.2,0.2,0.2,0
734006,01/11/2001,5.9,16.1,18,12,,0,0,0,0,0,0,0,0.1,0.3,0,0,0,0,0.2,0,0,0.2,5.9,0,0.6,4.7,1.6,0,0,0,0.6,0.8,0.5,0.6,0,
734006,01/10/2001,12.2,22.3,29,10,,0,0,0,0,0.7,0.2,0,0.7,0,0,0,0,0,0,2.6,0,0.1,0,0,0.1,0,0,0,0,0,0,2.8,2.6,12.2,0.3,0
734006,01/09/2001,17.7,44,2,12,,2.8,17.7,7.2,6.8,0.3,0,0,0,0.9,0,0,0,0,0,0,0,0,0,0,0,0,3,0,0.2,3.6,0.6,0,0.2,0,0.7,
734006,01/08/2001,9.6,62.1,13,23,,0,0.2,7.8,0,0.2,0.3,0.2,2.6,0,1.8,0.2,4.5,9.6,0,7.2,4.5,1.4,0,1.8,4.6,0.8,0.2,4,0,3.1,0.4,0,2.1,0,4.4,0.2
734006,01/07/2001,30.1,184.7,28,28,,4.4,4.8,0,2.5,0.2,14.6,0.8,8,5.6,0.3,0.7,15.8,9.2,1.4,3.4,4.6,7.8,1.4,8.5,20.6,14,1,0.1,0.1,0,13.6,0,30.1,7.4,3.6,0.2
734006,01/06/2001,43.2,254.9,5,27,,36.4,2,8.4,10.4,43.2,7.9,16.4,8.2,0.3,12.4,5.8,0.1,0,15.2,14.6,0.5,1.1,0.1,0,1.6,4.1,4.8,9.2,0.3,0.2,1.6,30.1,5.4,0,14.6,
734006,01/05/2001,20.8,47.8,25,13,,0,0.6,0,0.8,0.1,3.7,0,0,0,0,0,0.4,0,0,0.3,0,0,0,0,0.2,0,0,0,0.9,20.8,1.5,0,0,9.4,0.1,9
734006,01/04/2001,56.8,267.2,29,20,,0.2,17.9,32.4,0,0,0.2,0,0.6,0,0,2.8,48,8.7,0,8.7,19,13.2,0,0,0.4,22.8,0,0,9.8,3.2,4.1,0.2,17.6,56.8,0.6,
734006,01/03/2001,38.4,197,28,17,,0.6,2.2,0,0.7,0,0,0,0,1,24.6,2.8,0,4.6,11.2,1.2,0,0,4.3,0,0,0.6,15.7,0,0,0,15,33.8,38.4,18.3,0,22
734006,01/02/2001,5,7.1,26,3,,0,0,0,0,0,0,0,2,0,0,0,0,0,0,0,0,0,0,0,0,0,0,0.1,0,0,5,0,0,,,
734006,01/01/2001,11.4,25.3,12,11,,0,0,0,0,0,0,0,0,0,0.2,2.2,11.4,5,0,0,0.4,0,3,2,0,0,0,0.2,0.2,0.6,0.1,0,0,0,0,0
734006,01/12/2000,31,81.4,15,14,,0,0,0,0,0.1,0.9,0,0,0,0.3,0,0,5.6,4.2,31,10,14.2,4.2,0,0.1,0,0,0,0,0,0,0.6,0,0.2,1.6,8.4
734006,01/11/2000,18.6,45.7,26,12,,0,0.4,0,0,0,0,0,0,0,0.7,0,0,0,0,0,0,3,2.7,0,0,0.7,0,0.5,0,8.4,18.6,4.8,5.3,0.5,0.1,
734006,01/10/2000,5.6,15.9,11,17,,0,0,0,0,0,0.1,0.1,0,0.2,1.6,5.6,0.1,2.1,1.6,0.1,0,0.8,0.6,1,0,0,0,0.2,1,0.1,0,0,0.5,0,0,0.2
734006,01/09/2000,77.7,228.8,18,23,,0,2.9,0,1,0,0,0.2,0,7.4,8.8,7,8.8,0.2,0.4,10.6,12.6,76.4,77.7,1.6,6.2,0.4,0.3,0.2,4,1.1,0.2,0,0.6,0.2,0,
734006,01/08/2000,22.9,167.9,2,23,,15.4,22.9,1,0,9.6,19.8,14.2,2.6,21.2,2.6,1.6,0,0,0.2,1.8,0.6,6,6.2,14.8,1.4,0,0.8,0,8,3.2,4.2,8.6,1.2,0,0,0
734006,01/07/2000,77.8,444.4,4,28,,51.2,0,17.2,77.8,15.8,4.2,18.2,6.5,0.8,18.1,75.8,8.6,6.1,8,11.6,0.2,0,0,12.6,7.7,0.2,13.8,0.3,0.2,15.4,9.4,21.4,4.4,0.1,3.8,35
734006,01/06/2000,168.2,557.7,26,23,,0,0,0,2.8,0,1,26.8,5.2,78.8,22.6,16.6,0,1.6,79.7,74.4,4.6,1.6,0,4.2,0.2,0.5,0,1,1.9,31.8,168.2,13.6,18.2,0.6,1.8,
734006,01/05/2000,77.4,333.9,13,20,,24.6,19.4,4,17,17.3,16.2,6,13.8,0,0,0,0,77.4,58.6,27,0.5,13.5,3.1,0,0,0.5,1.6,0,4.2,0,0,0,2.8,0,4.2,22.2
734006,01/04/2000,,209.2,,,,6.6,2,0,0.6,5.2,6.4,1.2,2.6,18.2,10.4,1.5,,37,28,0,0.8,25,8.2,0,0,2.2,0,0,17.2,3.2,5.5,0,21,5.8,0.6,
734006,01/03/2000,32.1,109.2,31,15,,1.5,0,0,1.6,0,0,2,0,1.2,9,5.8,0,0,1.8,0,0,0,2.6,0,0,0,0,0,0,8,10.6,0.4,2.6,19.6,10.4,32.1
734006,01/02/2000,46.8,149.4,20,18,,0,0,0,0,0,4.2,5,2.4,0,8.6,1.4,0,0,0,4.2,0,1.8,0.4,0,46.8,1.2,4.8,8.2,15.4,2.2,9.8,20,10.6,2.4,,
734006,01/01/2000,32.6,96.4,4,13,,0,0,2,32.6,6.4,4.7,5.8,0,4.3,16.8,0.1,0,0,0,14.8,0,1.5,0,0,0,0,0,0,0,0,0,1.2,0,0,1.2,5
734006,01/12/1999,11.6,38.8,8,11,,0,0.3,0,0,0,4.4,1.2,11.6,0,1.2,0,0,0,0,0,0,0,0,0.8,0.3,0.6,0,0,0,0,5.8,10.4,0,2.2,0,0
734006,01/11/1999,2.8,3.7,27,4,,0.2,0,0,0,0,0,0,0,0.3,0,0,0,0.4,0,0,0,0,0,0,0,0,0,0,0,0,0,2.8,0,0,0,
734006,01/10/1999,28.2,64.6,5,12,,0,1.2,0,0,28.2,0.5,0,5.3,8.7,0,0,0,3.8,0.2,2.2,0.5,0,0,0,0,12.6,0,0,0,0,0,0.3,0,1.1,0,0
734006,01/09/1999,17,56.7,12,15,,0.5,2,0,0.8,1.2,1.8,0,0,0,0,0,17,15.4,0,0.6,0,0,0,2.3,2.4,0,0,0,0.5,0.2,6.4,5.1,0.5,0,0,
734006,01/08/1999,20.2,88.1,24,18,,0,0,0,0,0,10.4,0.2,0,0.5,5.7,0,0,0,2.2,4.4,0,2.4,0,0,1.2,16.1,6.1,4.5,20.2,2.4,2.5,0,0.2,1.8,3.8,3.5
734006,01/07/1999,28,142.5,7,26,,0,1,0,1.8,23.2,1.6,28,0.2,0.2,0,0,4.2,4.6,6.4,0.4,27.8,9.4,0.6,1.2,1,1.4,1,2.2,2.8,0.8,1.3,16.8,0,3.2,0.8,0.6
734006,01/06/1999,36,112.2,28,13,,0,0,0,13.1,9.9,0,0,0,3.7,7,23.4,2.7,0,0,0,0,0,0,0,0,4.4,1.5,0,0.4,6.6,0,0.2,36,3.3,0,
734006,01/05/1999,60.5,247.3,1,21,,60.5,0.3,5,0.6,17,16.7,2.9,0,0.2,5.3,0.5,0,0,0,42,9.8,0,0,1.8,6,18,0.7,1.8,1.6,10.4,17,29.2,0,0,0,0
734006,01/04/1999,14.6,46.4,29,10,,0,0,0,0,0,0,0.2,0,0,0,0.3,8.4,10.8,0,0.8,0,0,0,0,0,0,0,3.8,0.2,0,0,0,7,14.6,0.3,
734006,01/03/1999,61.4,116.3,18,9,,0,0,0,0,0,0,0,3,0,0,0,30,1,8.2,0,0,0,61.4,3.2,0,0,3.5,0,0,0,0,1.2,4.8,0,0,0
734006,01/02/1999,37.4,84,26,13,,0.4,5.6,0,0,0.2,0,1.5,12.4,0.3,0,0,0,0,5.6,0.1,0,0,0,7.6,0,0,10,1.2,0,1.7,37.4,0,0,,,
734006,01/01/1999,6.2,16.7,19,12,,0,0,0,0,0,0,0,0.4,0.2,0.2,2.8,0,0,2.5,0,0,0,0,6.2,0.9,0.4,1.3,0.8,0,0,0,0,0,0.4,0,0.6
734006,01/12/1998,2,8.2,17,9,,0,0,0.8,0,0,0,0,0,0,0,0.2,0,0,0,0,0,2,0,0,0,0.2,0.7,0,0.5,1.7,1.6,0.5,0,0,0,0
734006,01/11/1998,13.2,18.5,27,4,,0,0,0,0,0,0,0,0,1.4,0,0,0,0,0,0.5,0,3.4,0,0,0,0,0,0,0,0,0,13.2,0,0,0,
734006,01/10/1998,13.6,27.8,22,8,,0,0,0,4.8,0,0,0,3.7,0.4,0,0,0,0,0,0,0,0,0,0,0,0.3,13.6,1.4,0,2.8,0.8,0,0,0,0,0
734006,01/09/1998,7.1,30.9,2,14,,6.9,7.1,0,0,1.6,0.2,0,0,0,0.3,0,0.1,1,0,1.4,0,0,0,4.8,1.8,0,0,0,0.1,0.5,5,0.1,0,0,0,
734006,01/08/1998,116,286.7,9,25,,0,6.7,2.1,6.6,0,15.4,3.7,0.2,116,13.6,0,7.5,4.8,25.2,17.8,0.7,0,8.6,1.5,0,3.6,0.5,6.9,18.6,18.4,4.4,0.5,0.2,0.2,0,3
734006,01/07/1998,49,257.7,9,24,,0.8,0,2,1,14.2,0,8.8,0,49,47.6,16,2,0.4,8.2,3.3,0.4,0,2,37,1.4,0,0.4,14.4,6.6,0,3.6,0,9.2,27.6,0.2,1.6
734006,01/06/1998,90.7,230.7,16,22,,0,0,0,0.6,12.8,0,2,11.6,0.9,5.2,47,0.4,0.1,4,0.7,90.7,2.4,0,12.8,7.4,0,0.7,0.2,1,0.1,0.7,27.6,0,0,1.8,
734006,01/05/1998,63.3,203.8,23,18,,0,0,0,0,0.2,0,0,0,21.6,22.3,10.8,2.1,0,0,0,5.4,2.6,2.6,4.9,1.2,0,26.4,63.3,8.4,19,0.6,0.7,1.2,0,10.5,0
734006,01/04/1998,8.5,37.9,2,17,,0,8.5,0,0,0.2,0,1,4.8,1,1.4,0.2,0,3.8,0,0.3,0,1.3,2.2,5.6,2.7,0.5,0,1.8,0,0,0,0,0,1.8,0.8,
734006,01/03/1998,13.6,44.7,11,13,,0,0,0.3,0,0,0,0.2,0,0,0,13.6,0,0,0,0,0,1.8,1.6,7.8,1.6,11.4,2,0,1.7,1,0,0,1.2,0.5,0,0
734006,01/02/1998,7.6,16.9,24,5,,3.8,2.5,2.2,0,0,0,0,0,0,0,0,0,0,0,0,0,0,0,0,0.8,0,0,0,7.6,0,0,0,0,,,
734006,01/01/1998,91.8,106.3,26,10,,0,0,0.4,0,0,2,0,0,0.2,0,0,5.5,2.4,0,0,0,0,0.2,0,0,0,0,0,0,0,91.8,0.8,1.5,0,0,1.5
734006,01/12/1997,58.5,88,22,11,,0,0,0,0,0,0,0,0,0,0,0,0,0.3,1.2,0,0,0,0,2,9.5,14.4,58.5,0.6,0,0,0,0,0.3,0.6,0.3,0.3
734006,01/11/1997,3.3,8.9,3,10,,1,0.4,3.3,0,0,0,0,0,0,0,0,0,0,0,0.9,0.3,0.2,0.8,1.6,0.2,0,0,0.2,0,0,0,0,0,0,0,
734006,01/10/1997,6.7,7.2,10,2,,0,0,0,0,0,0,0,0,0,6.7,0,0,0.5,0,0,0,0,0,0,0,0,0,0,0,0,0,0,0,0,0,0
734006,01/09/1997,3.2,9.4,14,8,,2.5,0,0,0,0.1,0.8,0,0,0,0,0,0,0,3.2,1.2,0,0,0,0,0,0,0.2,0,0,0.2,1.2,0,0,0,0,
734006,01/08/1997,27.2,121.2,1,18,,27.2,23.2,0,1,7.8,2.6,1.5,0,3.2,0.2,0,1.9,4.8,14,2.2,4.2,19.4,3,1.2,1.6,0,0,0,0,0,0,0,0,0,0,2.2
734006,01/07/1997,40.6,168.9,4,19,,2,0,4,40.6,8.9,0,0,0,1.4,14.2,0.4,0,4.4,0,0,8,12.5,1,0,18.3,2.6,5.2,3.6,0,0,13.6,0,1,2.6,0,24.6
734006,01/06/1997,15.6,98.8,8,17,,0,0,0,7.2,0,0.3,6,15.6,0,0,0,0,0,0,4.5,4.2,4.2,0.4,8.5,8.8,2.4,0.2,11.6,9.8,0.2,0,0,9.8,0,5.1,
734006,01/05/1997,60.6,260.7,2,23,,0,60.6,0.2,0,0,2.1,0,12,6.4,5.4,16.8,18.6,2,0,0,0,8.6,5.3,12,0.3,1.7,12,10.2,8.6,0,42.5,27.3,0.4,0.6,6.3,0.8
734006,01/04/1997,85,306.4,2,20,,11.8,85,28.8,0,2.9,19,15.4,0,0,3.4,12.8,29.8,2.2,9.8,35.4,7.6,1.2,0,14.8,12,0,1.4,0,0.5,9.4,0,0,0,3.2,0,
734006,01/03/1997,74.4,290,15,20,,4,4,1.2,0,19,5,0,0.5,0,0,4.7,4.9,13.4,15.4,74.4,1.6,0,0,0,4.6,0.4,0,24,6.4,22.4,38,0,0,0.5,0,45.6
734006,01/02/1997,99.6,196.2,18,11,,5.4,0,0,0,0,0,0,7.2,8.2,3.9,0,0,0,0,0,0,0,99.6,55.4,1.7,10.8,0.8,2,1.2,0,0,0,0,,,
734006,01/01/1997,9.6,21.8,21,11,,0.3,0.2,0,0.8,0.8,0.3,0.2,0,0,0,0.2,0,0,0,0,0,0,0,0,0,9.6,0,0,0.7,0,6.3,0,0,0,0,2.4
734006,01/12/1996,15.8,49.6,3,12,,2.8,8,15.8,0,8.8,1.6,0,0,0,0,0,0,0,0,0,0.2,7.7,0.2,0,0,0.6,0.2,0,0,0,0,0,0.1,3.6,0,0
734006,01/11/1996,6.6,29.5,8,12,,5,5.8,0,1.2,0.4,0,0,6.6,1.4,5.9,0,0,0.6,0,0,0.7,0.6,0.5,0,0,0,0,0.8,0,0,0,0,0,0,0,
734006,01/10/1996,19.1,81.1,20,13,,0,0,0,17.3,0,0,0,0,0,0,4.2,0,0.4,1.2,0,0,0.7,1.4,12,19.1,2.8,7.4,0,12.8,1.6,0,0,0.2,0,0,0
734006,01/09/1996,21.6,90.4,17,19,,0,2.4,0,13,0,0,0,0.3,0,4.4,1.6,5.8,15.6,2.8,0,1.6,21.6,2.4,0,0.5,0.4,7.4,7.2,0.7,0,0,2.3,0.2,0,0.2,
734006,01/08/1996,56.4,204.7,18,23,,5.2,15.6,7.8,42,0.4,0.6,4.8,0,5.2,0,0,0,0,1,0.3,0.2,3.2,56.4,7.4,5.2,3.2,4,0,1.4,8.6,2.4,1.2,28.4,0,0,0.2
734006,01/07/1996,111.2,317.6,13,28,,11.2,0,5.8,5,31.4,0,5,0.8,7,6.6,11,4.4,111.2,22.2,3.6,8.2,8.6,2.6,6.6,4.8,6.6,0.8,2.8,6.6,2,14.4,6,15.7,0.3,6.4,0
734006,01/06/1996,71,310.7,4,26,,35.8,26.6,1.1,71,5.8,2,7.4,2.4,4.2,40.8,27.6,14,12.2,1.6,4.8,1.2,9.4,0.2,9,0,12.8,1.8,0.4,3.6,0,4.8,6.8,3.4,0,0,
734006,01/05/1996,186,314.4,30,13,,2.2,31.5,3.4,39.8,0,11.8,0,0,0,0,0,0,0,4,0,0.4,0.6,0,4.5,3,0,0,0,0,0,0,0,0,16.8,186,10.4
734006,01/04/1996,77.2,504,26,26,,6.9,39.2,6,7.4,0.2,2,3.3,3.4,28.4,0,0,7.6,36.6,39.6,29.2,1,1.4,2,7.8,5.8,0,0,4,1.5,26.7,77.2,30.6,0.2,72,64,
734006,01/03/1996,79.5,294.3,5,24,,3,0,0.5,4.2,79.5,3.1,13,0.3,0,1.2,2,56,0,1.3,4.3,4.9,0.2,1,71.4,2.6,0,0.3,2.1,0,7.2,16,9,4.6,0,0,6.6
734006,01/02/1996,19.2,51.6,23,14,,0,0,0,0,0,0,0,0,0.4,0,0,0,1.2,0.2,0,1.6,0.2,0,5.6,0.2,0,1.8,19.2,4.3,15,0.8,0,0.1,1,,
734006,01/01/1996,77,102.8,22,20,,0,0.2,0.2,0,0.4,3,0,0.2,0,0.8,0,0.4,0,5.8,3.6,0.6,1,0.5,1.7,1,4.6,77,0.4,0,0,0,0.2,0.9,0,0.3,0
734006,01/12/1995,2.5,3.3,5,3,,0,0,0,0,2.5,0,0,0,0,0,0,0,0,0,0,0,0,0,0,0.6,0.2,0,0,0,0,0,0,0,0,0,0
734006,01/11/1995,25.3,62.9,2,11,,10.6,25.3,2.6,2.6,11.6,2,3.2,0,0,0.6,0,0.2,2.4,0,1.8,0,0,0,0,0,0,0,0,0,0,0,0,0,0,0,
734006,01/10/1995,3.4,10.8,13,7,,1.8,0,0,0,0,0,0,0,0,0,0,0,3.4,0,0,2,1.6,0,0,0,0,0,0,0,1.6,0,0.2,0.2,0,0,0
734006,01/09/1995,7.8,22,20,12,,2.4,1.6,0,0,1.4,2,1.5,0,0.2,0,0.8,1.6,0,0,1.2,0,0,0,0,7.8,0,0,0,0,0,0,0,0,0.3,1.2,
734006,01/08/1995,8.6,24.1,27,16,,0.2,0,0,0.4,0.4,0,0.1,1,2.6,0.2,0,0,0,0,0,0,0.4,5.3,0,0,1.2,0,0,0,0.2,0.1,8.6,0.2,0,0.3,2.9
734006,01/07/1995,141.4,482.7,27,30,,43.8,2.2,5.4,5.8,2.4,3,0.5,5.4,22.2,1,0.2,0,0.2,0.7,4.8,0.8,26.2,37.8,7.1,0.4,3.6,5.2,10.8,71.2,0.2,14,141.4,50.4,0.2,1,14.8
734006,01/06/1995,49.9,334.9,25,25,,33.2,29,2.2,7.2,4.6,12.6,0,1.2,0.8,4.8,0,0,15,10.8,11.5,14.8,17.1,0,0,0.6,29.5,2.2,13.3,0.2,49.9,24.8,14.4,2.8,0.2,32.2,
734006,01/05/1995,65,316,20,23,,56.4,15.6,0,0,0.2,10,13,0,0,2,0,0.3,0.6,0.2,26,0,0,1.3,1,65,6.2,2,30,5,1.4,22,2.8,11.2,32.8,11,0
734006,01/04/1995,46.4,247.3,30,23,,0.2,0,0,33.2,3.6,40,10.6,8.4,4,1.6,7,2,22.4,9.2,27.8,1.2,6,1,10.4,3.6,0.2,7.8,0,0.4,0,0.3,0,0,0,46.4,
734006,01/03/1995,47.6,118.6,31,17,,0,0,0,0,0.2,4.6,3.4,0.8,1,0.8,2.4,0.2,0,0,6,24.8,0,0,0,0.2,0.2,0,0,0,1,1.2,23.6,0.6,0,0,47.6
734006,01/02/1995,23.4,41.5,6,9,,0,0,4.6,0,4.8,23.4,3,0,3.8,0.3,1.2,0,0,0,0,0,0.2,0,0.2,0,0,0,0,0,0,0,0,0,,,
734006,01/01/1995,12.7,31.2,6,10,,4.4,0,0,0,0,12.7,7.2,0.4,0,0,1.2,0,1.2,0,0,0.8,0.5,0,0,0,0,0.2,0,0,0,0,0,0,2.6,0,0
734006,01/12/1994,12.4,59.4,28,13,,2.2,1.2,11,2.4,0,0,0,0,0,0,0,0,0,0,0,0.3,0,0,0,0,0,1,0.6,0,0,0.4,7.2,12.4,8.8,4.3,7.6
734006,01/11/1994,7.2,20.4,27,9,,4,0,0,0,0,1.4,0,1.4,0,0,0,0,0,0.6,0,0,0,4.2,0.4,0,0,0.6,0.6,0,0,0,7.2,0,0,0,
734006,01/10/1994,21.4,25.5,12,7,,0,0,0,0,0,2.2,0,0,0,0.2,0,21.4,0,0,0,0,0,0,0.2,0.3,0,0,0,0,0,0,0,0,0,0.6,0.6
734006,01/09/1994,15.2,41.4,15,,,,,,,,,,,,,,,0,9,15.2,0,2,0.2,0.3,0.4,3.6,0,9.2,0,0,1,0.3,0,0.2,0,
734006,01/08/1994,39.4,102.7,18,17,,7.8,0.5,0,0,0,0,0,0,0,3.7,0.3,0,0,0,0.1,6.8,0.2,39.4,0.3,9.4,4.6,0,0.3,0,10.5,0,2.4,13.2,0,2.2,1
734006,01/07/1994,85.2,361,16,24,,12,5.8,8.8,17.4,0,7.4,3,35,22,0,0.1,0.8,0.5,0,23.8,85.2,64.2,2.4,4.8,0.7,7.6,8.6,17.6,0,3,25.1,0,3.4,0,1.8,0
734006,01/06/1994,133,709.4,4,27,,4.5,8.8,58.6,133,0.1,5.8,1.8,3,1.1,31.6,1.1,12.6,47.4,1.2,0,15.4,73,4.3,0,56.4,48.6,64.6,6.6,19.4,4.5,50.6,0,17.8,29.8,7.8,
734006,01/05/1994,66,620.5,21,27,,23.5,54.4,0,9.2,14.8,0.6,11.4,23.4,6.2,0,44.4,2.7,34.9,31,9.2,16,33.1,33.6,5.9,46,66,26.9,0.2,0,0.3,42.2,21.4,32.9,23.7,6.6,0
734006,01/04/1994,80.4,356.3,18,24,,0,6.2,72.4,17,0,5.6,17.4,0,0.6,0.6,0.1,11.4,8.8,6,0,0,39.6,80.4,19.7,5,2.9,0,0.5,1,5.5,13.4,3.8,0.2,37,1.2,
734006,01/03/1994,21.6,190.1,29,19,,0,0,0,2,0,0,6.6,1,0,0,0,0,0,4,14.8,11.2,1.2,0,9,6.4,19.8,1.8,15.8,0,21,12.9,11,17.8,21.6,6.2,6
734006,01/02/1994,18.6,57.2,17,11,,0.3,0,0,0,6.4,14.2,0.5,0.3,0.7,0,0,3.6,10.2,0,0,0.3,18.6,0,0,0,0,0,0,0,0,0,0,2.1,,,
734006,01/01/1994,61.2,177.4,20,13,,0,0,1.4,19.8,15.1,0,0,0,4.3,0,0,2.6,0,0.2,0,0.6,0,0,5.2,61.2,10.6,54.6,0,0,0,0,0,0.6,0,0,1.2
734006,01/12/1993,8.9,22.4,24,10,,0,0,0,0.1,0,0.3,0.2,0,0,0,0.8,0,0,5.3,0,0,0,0,0,0,0,0,0,8.9,0,1.2,1,0,0,4.4,0.2
734006,01/11/1993,8.2,26.4,9,12,,0,0,0,0,0,1,0,0.3,8.2,0.2,0,0,0.5,0.2,0.2,0,0,0,0,0,0,0,3.6,7.2,0,3.2,0.2,1.6,0,0,
734006,01/10/1993,16.2,59,17,14,,0,5,11.8,1.6,0,0,0,0,0,0.6,0,0,1,0.4,0,0.8,16.2,12.4,0,0,0,0,0,0,0.2,4.8,0,1,1.2,0,2
734006,01/09/1993,34.4,61.3,27,14,,0,1.1,9.4,1.5,5.6,0,1.7,0.1,0.2,3,0,0,0,0.6,1.4,1,1,0,0,0,0,0,0,0,0,0,34.4,0.3,0,0,
734006,01/08/1993,10.7,37.8,2,16,,1.2,10.7,0,5,1.7,0,0.2,0,0,0,0.4,0,0,1.6,0,0,0.9,3.5,0,0,0,0,2.4,3.4,3.1,2.1,0.2,0,0,0.3,1.1
734006,01/07/1993,95.6,307.2,21,20,,0,0,0,0,4.1,3.2,0,0,2.3,57.6,4.5,34,19.1,0,12.6,8.5,2.3,20,12,0.6,95.6,13,0,0.6,0,0,1,4.8,3.8,0,7.6
734006,01/06/1993,50,262.9,10,,,1.6,3,1.5,5.1,0,0.8,0,0,2.8,50,3,17.6,1.2,8.6,6.8,3.2,16.8,38,0,1.4,24.9,6.8,30,21.2,0.4,0,2,,11.4,4.8,
734006,01/05/1993,17.4,86.2,13,18,,9.6,4.9,0,0,0,0.4,0,0,0.6,0.6,0,10.8,17.4,0,0,0,0,0,0,3.5,0,0.9,0.8,1.8,5.8,0.2,1.8,7.6,0.5,9.5,9.5
734006,01/04/1993,45.4,163,18,15,,0,0,0.8,0,3.8,0,12.4,7.6,0.8,0,0,0,0.2,0,28.2,0,0.2,45.4,34,0,0,20.4,0,0,0.2,0.4,0,0.6,0,8,
734006,01/03/1993,66.8,101.4,28,9,,0,0,0,0,0,0,0,0,0,0,0,2.4,0,0,0,0,0,0,3.6,0,0,1.2,0,0,1.5,1.4,1,66.8,23.2,0,0.3
734006,01/02/1993,3.5,4.5,2,4,,0,3.5,0.1,0,0,0,0,0,0.4,0,0,0,0,0,0,0,0.5,0,0,0,0,0,0,0,0,0,0,0,,,
734006,01/01/1993,4.1,17.8,18,11,,1.2,2,0,0,0.3,0.3,0,0,0,0.8,0,0,0.2,0,0,1.4,3.3,4.1,1,0,0,0,0,0,3.2,0,0,0,0,0,0
734006,01/12/1992,2.8,7.4,30,7,,0,0,1,0,0,0,2.2,0,0,0,0,0,0,0,0,0,0,0.4,0.5,0,0,0,0,0.3,0,0,0,0,0,2.8,0.2
734006,01/11/1992,3.8,15.3,23,14,,0,2,0,0,0,0.1,0,0,0,0.8,0,1.8,0,0,0.7,2.4,0,0,0.5,0,0.5,0.4,3.8,1.2,0,0.5,0,0,0.4,0.2,
734006,01/10/1992,7.7,17,6,10,,0,0,0,0,0,7.7,0,0,0,1.8,0,0.3,0,0,0,0,0,1,0,1.2,0,0,0,0,0.6,0.8,0.6,0,2.2,0.8,0
734006,01/09/1992,12.2,42.7,2,14,,12.1,12.2,0,0,0,2.4,0,0.5,0,0,0,0,0.2,0,0.5,1.1,1,2.2,0.5,0,0,0,0.5,8.2,0.9,0,0,0.4,0,0,
734006,01/08/1992,14.3,70.1,7,23,,0.6,0,0,3.8,0.2,4.4,14.3,4.8,5.8,5.6,2.5,0.5,1.2,0.5,0.3,0.6,5.3,3.6,0.3,0,2.7,0,0,0,0,0,4.1,3.2,2,2.6,1.2
734006,01/07/1992,38,219.4,15,29,,9,1.4,4.6,2,19.2,9.2,3.2,1,12.3,10.6,3.9,2.1,1.8,12.2,38,6.2,6,2.6,1.2,0.1,0,4.3,0,2.3,1.1,1.8,0.5,19,31.6,4.2,8
734006,01/06/1992,100.9,404,24,24,,47.8,3.1,7.8,0,0,0,20.2,4.6,6,4,35.3,0,0,0,6.4,6.4,26.4,12.8,1.2,3.9,8.8,8.2,4.2,100.9,29.6,11.2,6.6,2,1.4,45.2,
734006,01/05/1992,14,85.4,12,22,,0,0.1,3,2.2,0.2,0.3,4.4,12,1,0,2.6,14,0,0,0,0,1,5.2,0,2.9,0,4,1.6,0,3.8,3.5,0.2,1,14,0.2,8.2
734006,01/04/1992,44.3,183.3,14,17,,9.8,23.5,0,39.4,23,30.1,0,0,1.6,0,0.7,0,0,44.3,1.8,0.3,0,0,0,2.4,1.3,1.4,0.2,0,0,2.6,0.4,0,0,0.5,
734006,01/03/1992,76.1,317.5,16,20,,0,0,0,0,0,9.4,15.7,4.7,0,0.4,8.2,47.5,11.9,0.5,21,76.1,43.3,0,0,1,0,0,0.9,0.6,4.1,0,2,31.2,14.4,20.8,3.8
734006,01/02/1992,29.8,142.6,16,23,,0,6.4,0.2,0,3,0,0.2,2.6,0.4,15.4,0,16.2,2.8,3.2,2.2,29.8,29.8,0.6,5,1.2,0.4,8.4,0,3.2,4,1.8,2.9,2.9,0,,
734006,01/01/1992,50.4,124.4,29,,,0.4,0,0.7,0,0,0,0,0,0,0,0.5,,,,0,0,0,0,0,13.6,7.8,2.2,18.2,2.2,1,14.4,0.6,8.8,50.4,3.4,0.2
734006,01/12/1991,3.8,4.8,8,2,,0,0,0,0,1,0,0,3.8,0,0,0,0,0,0,0,0,0,0,0,0,0,0,0,0,0,0,0,0,0,0,0
734006,01/11/1991,3.8,18.6,16,11,,0,0,1.4,0,0,0,0,0,0,0,0,0,0,2.9,0.2,3.8,1,0.6,0,0,0,1.9,3.3,0.3,0.3,2.9,0,0,0,0,
734006,01/10/1991,26,75.3,22,10,,0,0,0,0,0,0,0,0,0,1.8,0,0,0,0,1.5,0,0,0,3.2,7.4,0,26,5.2,1.4,23,0,5,0,0,0.8,0
734006,01/09/1991,13.4,32.2,7,,,0.2,0.5,0,0,0,0,13.4,3,0,,0.3,0,0,4.4,0,0,0,0,0,0,1,5.4,0,1.4,0.2,0,0,0,2.4,0,
734006,01/08/1991,31.4,137.1,4,21,,7.9,0,0.4,31.4,18.8,1.9,0,0,0,0,0,0,0,5.4,0.5,0,1.9,19.2,2.4,0.2,5.6,7.6,0,1.4,11.6,12.6,5.5,1.1,0.7,0.4,0.6
734006,01/07/1991,31,203.8,15,26,,3.2,1,0.5,22.2,6.6,4.6,0,0,0,4.6,0.8,14,9.9,1.8,31,3.2,3.2,14.8,4.9,0,16.6,2,6.2,10,0,2.2,0.6,3.7,3,20.6,12.6
734006,01/06/1991,41.2,211.5,27,26,,1.8,9.8,5.9,6.8,34.6,11.4,5.8,0.8,1,0.5,0,0.8,0,0.4,0.7,11.7,0.4,3,1,0.8,5.8,1,23,3.7,0,23.2,41.2,9.2,0,7.2,
734006,01/05/1991,,328.3,,,,9.6,16.2,19.2,27,27.4,18.7,0,0,8.8,0,0.4,8.6,1.6,4,3.4,0.6,11.8,0,8.2,13.2,2.2,1.2,,39.8,39.6,14,2.4,7.4,23.8,17.6,1.6
734006,01/04/1991,63.9,267.7,16,19,,1.8,2,1.8,0,0,0,0,1.4,0.4,0,0,3.8,0,0,6.7,63.9,28.6,27.2,18.4,4.8,23.6,17.2,13,1,0,0,7,0,10.7,34.4,
734006,01/03/1991,32.6,137.1,9,15,,0,0,0,0,0,0,0,4.6,32.6,10.2,0,2.2,0.8,0,0,0,19,1.4,0,0.3,1.4,0,0,20.4,0.8,0.4,0,8.4,18.8,15.8,0
734006,01/02/1991,62,137.9,17,11,,0,0,2.6,11,1.8,0,4.3,0,0,0,0,1,0,0,0,34.2,62,12.4,0,0,0,1.4,0,0,6.8,0.4,0,0,,,
734006,01/01/1991,13.8,30.4,30,10,,0,0,0,0,0,0,0,0,4,0,0,1.2,0,0,0,0,0,0,1.2,1.4,0,1.8,0.4,1.8,0,0,0,1.4,0,13.8,3.4
734006,01/12/1990,5.4,12.9,5,5,,0,0,0,0,5.4,0,0,0,0,0,0,0,0,0,0,0,2.6,0.3,0,0,0,0,0,4.3,0,0,0.3,0,0,0,0
734006,01/11/1990,16.8,42.9,16,12,,0.6,5.8,0,0,0,0,0,0,0.3,0.6,0.4,0,0,0,4.2,16.8,0,0,11.2,0,0,0,0.6,1.4,0,0,0.6,0.4,0,0,
734006,01/10/1990,22.6,53.5,2,12,,0,22.6,4.8,0,2.2,0.4,1.2,1.4,0,0,0,0.6,0,8.4,0,0,0,0,0,0,5.6,0,0,0,0,3.8,1.3,1.2,0,0,0
734006,01/09/1990,53.8,98,29,15,,0,0,0,0.2,1.6,0.2,3.6,0.2,0,0,0,0,0,0,0,0,1.4,4.8,0,1,6.2,0,1.6,0.8,0.2,0,4.8,17.6,53.8,0,
734006,01/08/1990,115.6,397.9,14,24,,0,1.3,8.2,0,13.6,48,12.6,2.8,6.1,20.8,7.4,0.4,5.8,115.6,3.4,0,7.4,1.6,2.4,0,16.8,0,52.8,14.9,0.2,14.6,8.6,1.2,0,0,31.4
734006,01/07/1990,131.2,420.5,21,,,3.2,7,,46.8,0,0.6,0.4,3,1.4,1.3,0,2,7.4,3,1.6,0,11.4,1.4,1.6,64.6,131.2,74.6,0.6,2,0,4.2,3.4,4.4,0,43.4,0
734006,01/06/1990,47,320.4,3,23,,5.3,34.3,47,24.4,5.2,19.6,23.8,0.4,29.5,15.6,1.8,0.2,0,23.7,1.4,0,3.2,18.4,2,0,0,0,0,0,8.8,5,9.4,3.6,28,9.8,
734006,01/05/1990,71.2,304.2,30,20,,9,0,0,0,0,0,0,0,0,2.6,19,17.6,0,0,17,0,30.6,1.8,26.5,0.3,0.5,3.5,4.5,1.8,4.8,8.9,69,3.5,8.6,71.2,3.5
734006,01/04/1990,94.4,361.8,19,,,0,0,2.6,33,0,0,0,0,0,0,0,0,0,0,0,0,0,62,94.4,2.6,3.8,0,,,,93,35.2,17.4,2,15.8,
734006,01/03/1990,8,18.9,16,5,,0,0,0,0,0,0,0,0,0.1,0,0,0,0,0,0,8,0,0,0,0,5.8,0,0,0,2.4,0,0,0,0,0,2.6
734006,01/02/1990,90,150.6,9,6,,0,0,0,0,0,0,0,0,90,21.4,0,0,0,0,0,0,0,0,0,0,0,0,0,0,0.2,24,9.6,5.4,,,
734006,01/01/1990,14.2,46.8,2,10,,0,14.2,0,1,4.8,0,0.4,0,0,0,0,0,2.6,0,0,0,0,0,0,0,2.4,1.8,0,0,0,0,4,0,3.8,11.8,0
734006,01/12/1989,48.8,98.5,25,12,,0,0,0,0,0,0,0,0,0,0,5.1,4.4,0,2.9,0,0,0,5.6,0,0,0.1,0.6,0,0,48.8,0,6.2,2.8,18.8,1.2,2
734006,01/11/1989,12.1,59.8,13,17,,6,0,0,0,0,0,1,6.9,5.5,0.4,1.4,5.2,12.1,0,0.8,2.3,0.8,2.6,9.2,0.3,4.5,0.4,0,0,0,0,0.4,0,0,0,
734006,01/10/1989,2.9,15.4,5,13,,0,0,0,0.9,2.9,0,0.8,1.3,0,0,0.3,0,0,0,0,0.2,0,0,2.5,1.2,0.1,0,1.2,0,1.2,1.4,0,0,0,0,1.4
734006,01/09/1989,9.8,51.7,22,14,,8.7,0.8,1,0,0,2.9,5.8,3.2,0,0,0,0,0,0,0,0,0,0,0,0,0,9.8,0.2,2.1,4.1,9,3.3,0.2,0.6,0,
734006,01/08/1989,35.4,168.3,15,27,,0.3,0,0.5,8.6,0.8,2.2,7.4,0.7,7.5,7.5,0.2,0,0,3.7,35.4,1,4.2,8,3.3,6,3.3,0,31,2.6,2,5.7,4,4,6.3,8.8,3.3
734006,01/07/1989,92.8,312.6,12,23,,6.2,3.8,0,8.4,8.4,12.2,7.8,0.9,13.5,0,0,92.8,58.4,1.2,2.2,3.8,5.8,2.6,0,53.2,9.2,8.3,9,1.2,0.4,0.7,0,0,2.6,0,0
734006,01/06/1989,118,380.2,21,21,,2.2,4,0,0.5,5.2,2.4,1,81.1,2,3,15,12.6,0,9,0,13,0,0,1.5,0.1,118,2.8,0,0,0,19.2,5.8,0,54.8,27,
734006,01/05/1989,53,311.9,4,20,,16.4,8.8,19.2,53,6.8,3,0,0.3,2.6,31.8,9.7,32.8,0,0,1.8,13.2,6.1,0,4.5,0,36.4,0,18.8,0,2.7,0,0,0,27.8,16.2,0
734006,01/04/1989,149,680.8,12,28,,14,8.4,33,35.2,48.2,48.9,0,62,22.8,19.6,83,149,16.7,34.2,5.2,1.5,28.4,24.8,1.8,0,0.2,3,0.9,13.2,0.4,1.9,7.2,2.2,3.3,11.8,
734006,01/02/1989,2.9,11.3,17,,,0,,1.2,0.3,0,0,2.3,0,0.2,0,0,1.4,0,0,0,1.8,2.9,1,0,0,0,0,0,0,0,0,0.2,0,,,
734006,01/11/1988,10.6,30.4,8,13,,0,0,0,0,0.6,1.2,1.2,10.6,0.5,1,0.5,4.6,3.4,0,0,0,0,0,2.4,0,0.7,0.1,3.6,0,0,0,0,0,0,0,
734006,01/10/1988,6,11.9,13,6,,0.3,0,0,0,0,0,0,0,0,0,0,0,6,1.6,0.4,0,1.6,0,0,0,0,0,0,0,0,0,0,0,0,0,2
734006,01/09/1988,16.2,41.3,1,11,,16.2,5.5,0,0,0,0.6,0,0.2,3.8,0.2,3,0,1.8,0,0,0,0,0,7.8,0,2,0,0,0,0,0,0,0,0.2,0,
734006,01/08/1988,49.2,174.2,10,21,,4.2,0.9,2.1,0,5,0.4,12.1,0.6,31,49.2,0,0,4,7,6.5,13.2,0,4.4,10.2,5.4,0.6,0.2,0,0,0,0,0.4,0,0,7.4,9.4
734006,01/07/1988,68.4,380.7,25,24,,0,1.8,16.4,10.8,12,44,10.8,7,4.8,7,0,0,0,11.8,5.4,6,63.4,31,5.3,0.2,0,10.4,1.2,5,68.4,44.4,0,0.6,2.8,0,10.2
734006,01/06/1988,62,319.8,9,21,,0,0,0,0,0,0.9,7.6,3.4,62,30.4,9.8,1.6,19.8,0.3,46,0,5.6,11.8,8.4,0,1.2,23.2,37.4,22.8,18.6,0,0,3.8,2.4,2.8,
734006,01/05/1988,112,229.1,22,15,,1.2,7.6,15.2,5.1,5.6,17.4,0,0,0,0,0,0,0,0,1.2,27.6,0.8,1.8,0,19.8,2.6,112,4,7.2,0,0,0,0,0,0,0
734006,01/04/1988,54,281.3,29,24,,3.3,22.4,0,1.4,0,0,1.2,18.6,1.2,9.4,1.8,1.4,9.8,3.2,1.8,6.6,14.4,6.2,29.6,3.4,2.4,10,0,1.2,34.2,0,2.6,0,54,41.2,
734006,01/03/1988,69,271.9,31,17,,0,0,0,1.8,0,0,0,0,0,8.6,0.8,0,0,4.2,5.8,0,12.8,0,0,0.4,0,1.5,18.4,12.4,21.2,4.4,48.4,4.6,6,51.6,69
734006,01/02/1988,6.4,19.1,5,8,,0,0,0,0,6.4,0,0,0,0,0,0,0,0,0,1,0,0,2.2,0,0,0,0,2.7,0,1.4,1.8,0,1.2,2.4,,
734006,01/01/1988,19.2,36.4,10,8,,0,0,0,0,0,0,0,0,0,19.2,3.4,5.8,0,0.9,0,0,0,0,0,0,2.6,0.8,0,0.4,0,3.3,0,0,0,0,0
734006,01/12/1987,0.9,1.5,11,3,,0,0,0,0,0,0,0,0,0,0,0.9,0,0,0,0.4,0,0,0,0,0.2,0,0,0,0,0,0,0,0,0,0,0
734006,01/11/1987,3,7,15,6,,0,0,0,0,0,0,0,0,0,0,0,0,0,0,3,0,0,0,0,0.9,0.6,0.7,0,0,0,0.6,1.2,0,0,0,
734006,01/10/1987,14.4,28.6,6,6,,0,0,0,0,5.2,14.4,5,0,0,0,0.9,2.8,0,0,0,0,0,0,0,0,0,0,0,0,0,0.3,0,0,0,0,0
734006,01/09/1987,16,56.3,16,13,,1.4,0.7,1.2,0,0,0.4,9.4,0,0,1.4,1.2,1.4,0,2.4,0,16,13.2,0.6,0,0,0,0,0,0,0,0,0,0,0,7,
734006,01/08/1987,15.8,62.3,24,11,,0,0,0,0,0,0,0,0,0,0,0,0,8,5.8,0.7,4.4,9.8,0,0,0.2,0,1,0,15.8,9.4,6.8,0.4,0,0,0,0
734006,01/07/1987,147.2,438.9,10,,,1.4,4.1,3.6,0,52.2,28.8,7.6,3.2,38,147.2,14.4,8.8,1.8,0.9,1.4,,11,,16.8,38.1,30.4,3.2,0,0,2.6,0.2,0,16,4,0.6,2.6
734006,01/06/1987,52.2,386.8,4,24,,28.2,0.8,0,52.2,4.4,10,22,4.3,32,38.6,1.6,34.4,22.2,10.4,0,9.4,17.2,11,28.2,0,0,2.2,33.2,0,0.4,0,0.9,6.2,14.6,2.4,
734006,01/05/1987,48.4,129.2,1,13,,48.4,2.4,9,0,14.2,16,0,4,0,0,13,0,11,1.2,3.4,0,2.8,0,0,0,0,0,0,0,0,0,0,0,2.6,1.2,0
734006,01/04/1987,48.4,398.2,1,23,,48.4,2.4,9,7.2,3,14.6,32.2,0,32,25.4,17.6,25.4,8,6,31,27.1,7.1,3,0,0,7.1,3.4,14.8,8.5,31.6,0,33.4,0,0,0,
734006,01/03/1987,114.4,305.1,30,21,,0,0,0,2.4,3,1.2,0,0.6,2.8,0,0.3,5.6,0.8,0,0,3.6,81.8,3.2,4.2,25.4,9.4,11.6,22.2,0.6,0,0,0,5,5,114.4,2
734006,01/02/1987,29,110.6,11,12,,0,0,0,0,19.4,0.8,0,0,0,20,29,5,6.8,0,0.8,19,0,0,0.4,0,0,1.8,4.6,0,0,0,3,0,,,
734006,01/01/1987,15,41,6,8,,0,0,0,0,0,15,10,8,0.2,0,0,0,0,0,0,0.6,0,1.6,5,0,0.6,0,0,0,0,0,0,0,0,0,0
734006,01/12/1986,8.2,36.2,31,12,,7.6,5.1,7,2.6,0,0,0,0,0,0,0,0,0,0,0,0,0,0.3,1.2,0,0.2,0,0.2,0,0,0,0.2,3.4,0,0.2,8.2
734006,01/11/1986,39.2,96.6,22,,,0,0,2.2,0,0,11,0,0,0,0.2,0,2.8,0.2,0,0,6.4,0.2,0,0,0.2,8.8,39.2,0,,25.4,0,0,0,0,0,
734006,01/10/1986,14,41.6,6,10,,0,0,0,0,2.7,14,0.3,0.4,8,6.4,0,0,1.2,0,0,0,0,0,0,0,0.8,6,0,0,0,0,0,0,0,1.8,0
734006,01/09/1986,49,209.7,8,21,,6.8,5.8,16,2.1,0,0,5,49,5,0.4,4.8,7.8,2,37.2,32.8,6,5,14,0,2.2,0,5,0,0,0,0.4,0.2,0,0,2.2,
734006,01/07/1986,51.8,236.8,15,21,,1.2,4.4,8.6,1.8,0,1.2,1,0,11,5.2,0,0,10.2,35.2,51.8,36.2,18.2,0,1,1.2,9.6,0,0.2,25,10.2,3.2,0,0,0,0,0.4
734006,01/06/1986,194,361.4,18,,,,,13,0,1.7,2,0,0.4,0.3,2.6,7.1,30.4,22.2,0.8,3.6,0,6.2,194,2.2,0,5.2,9.4,10.2,2.2,13.2,6.7,0.1,7.7,17.6,2.6,
734006,01/05/1986,48.6,338.4,27,22,,0,0,0.5,4.4,9,5.5,10.2,1.2,4.8,0,0,0,1.1,2.7,0,0,0,0,9.8,21,0.6,18.6,39.8,45.4,23.8,7.6,48.6,48.6,2.4,24.5,8.3
734006,01/04/1986,105.6,378,8,21,,7.2,4,0.1,0,35.4,4.6,66,105.6,17.4,8.6,0,2.3,3,21.6,18.4,15.7,3,0,0,1.9,3.4,0,0,0,0,3.4,31.9,0,14.3,10.2,
734006,01/03/1986,135.4,386.7,12,24,,0,0.1,0.5,9.6,7,0.5,0.1,1.6,0.2,5.8,0,135.4,33.2,48.4,3.4,0.4,0.3,0,0,1.7,1.3,0,0,19.4,12,2.6,19.8,1.2,0.6,81.6,0
734006,01/02/1986,40,148.3,6,14,,36,0,0.6,0,18.4,40,37.3,3.9,0,0,0.4,0.3,0.1,0,0,0,0,0,0.5,0.5,3.4,2.7,0,0,0,0,4.2,0,,,
734006,01/01/1986,10.6,43.7,23,12,,0.4,3,0,0,1.3,0,0,0,0,0,0,0,0,0,0,0,0,0,0,0,8.2,9.4,10.6,1,0,0,0.9,0.5,0.2,8,0.2
734006,01/12/1985,10.1,30,15,8,,0,0,0,0,0,0,0.5,0,0,1.5,0,7,0,4.2,10.1,0,0,0.2,0,0,0,0,0,0,0,0,0,0,0,2.9,3.6
734006,01/11/1985,6.4,19.4,1,13,,6.4,0,0.3,0,0,0,0,1,0,0.6,0,0.7,1.2,3.7,1.9,0,0.3,0,0,0.5,0,0,2.4,0.2,0,0,0,0.2,0,0,
734006,01/10/1985,0.3,1.1,22,5,,0,0,0,0,0,0,0,0,0,0,0,0,0,0,0,0,0,0,0,0.2,0,0.3,0,0,0,0,0,0.2,0,0.2,0.2
734006,01/09/1985,12.1,82.5,12,17,,6.4,1.6,7.9,5.3,2.3,0.6,0,1.4,3.3,6.7,4.6,12.1,0,0,7.5,4.1,5.5,9,0,0,0,0,0,3.6,0.6,0,0,0,0,0,
734006,01/08/1985,61.6,138.2,6,23,,0.5,0.3,0.6,1,6.4,61.6,17.4,5.6,3,3,0,0.2,0,0,3.5,7.4,6,0,0,14.5,0,1.1,0,0.4,0.6,1.3,0.6,1.5,0.7,1,0
734006,01/07/1985,80.2,675.8,4,29,,1.7,44.6,17,80.2,16.4,62.6,20.8,26.2,0.2,7.6,21,52.2,58.2,28.5,18.1,2.2,0,48.1,9,0,2.6,20.2,56.2,0.9,2,6.7,0.5,4.2,61.3,4.4,2.2
734006,01/06/1985,124.4,395.8,16,17,,0.6,0.6,29,2,0.1,0,0,0,0,0,1.2,8.7,10.7,4,0,124.4,55,98.6,0,0,10.6,12.5,30.8,0.2,0,0,0,0,0,6.8,
734006,01/05/1985,130.8,436.7,8,24,,0.1,1.5,0,4.4,3.4,6.8,18.6,130.8,15.2,0,21.8,3,15.2,12.6,0.4,10,5.6,10.1,0.5,9.9,0.3,75.5,5.8,0,0,0,1.2,0,0,41.6,42.4
734006,01/04/1985,64,412.5,15,18,,21.6,10,0,0,8.1,14.6,0,2.1,0.3,8.4,50.6,7.1,0,0,64,9.2,0,0,0,0,0,0,0,1,23.2,26,50.2,48,25.5,42.6,
734006,01/03/1985,119.8,654.7,5,26,,12.9,0.3,35.6,28,119.8,43.5,25.4,0.3,0,1.6,0.3,0,14.6,2.4,0,36.1,2.4,0.2,7,0.1,0.5,7.9,88.6,116,52.5,9,0,0,1.2,26,22.5
734006,01/02/1985,42.2,179,10,20,,0.4,0,0,0,0.6,0,3.8,0,0,42.2,2.2,0.4,27.9,4.7,31.8,6.9,2.8,3.5,3.2,9.8,13.2,19.6,0.2,0,0.1,0,0.2,5.5,,,
734006,01/01/1985,17.3,59.9,11,13,,0,2.4,0,0.5,0.8,5.1,0,6.7,0,0,17.3,0,0,0,0,1.1,0,4.4,9,0,8.3,0,0,0,1.2,0,0,0,2.5,0,0.6
734006,01/12/1984,4.8,5.6,27,6,,0.1,0,0.1,0,0,0.3,0,0,0.1,0,0,0,0,0,0,0,0,0,0,0,0,0,0,0,0,0,4.8,0,0,0.2,0
734006,01/11/1984,10,27,2,8,,1.3,10,2.2,0,0.9,0,0,0,0,0,0,0,0,0,0,0,2.6,0,0,0,0,3.9,0,4.1,0,0,0,0,0,2,
734006,01/10/1984,41,97.8,7,19,,0,6.6,1.4,0.5,0.3,13.2,41,5,0.7,3.7,0.4,0,0,0,0,2.7,0,10.9,1.9,0.3,2.2,4.3,1.9,0,0,0,0,0,0.5,0.3,0
734006,01/09/1984,14.9,46.8,2,14,,0.3,14.9,3.8,6.8,0.6,0.6,8.7,0,1,1.4,0.4,0,6.6,0,0,0,0,0,0,0,0,0,0,0.3,1.2,0,0,0,0.2,0,
734006,01/08/1984,92.5,269.7,29,21,,4.5,2.6,1.8,0,0,0,2.7,0.2,42.3,6.8,0,3.4,0.5,0.3,0,0,0,0,0,0,1.5,0.2,5.9,2.8,3.8,12.4,0.1,17.1,92.5,34.1,34.2
734006,01/07/1984,124.6,347.1,18,28,,1.2,11.4,32.2,0.6,7.4,32.3,12.2,1.3,3.6,18.9,15.5,0,1.4,0.3,0,4.6,22.8,124.6,6.8,11.6,17.4,4.6,0.8,2.4,0.8,2.5,0,0.2,1.2,8,0.5
734006,01/06/1984,47,168.1,19,21,,10.6,0,10.6,10.6,0,2.4,2.2,0.3,0,0,1,2,1.1,1.6,10.5,8,0,20,47,0,0,0,0,1.2,7.8,0.4,2.2,5.8,16.2,6.6,
734006,01/05/1984,88,484,22,24,,11.2,0.6,18.8,59.9,2.1,0,0.2,19.5,13.1,4.1,0,0.5,4,52.2,9.7,2.4,0.3,0,37,34.4,70.7,88,22.9,7.9,2,21,0,0,0,1.5,0
734006,01/04/1984,75,536,10,26,,0.5,0.7,0.2,24,0,18.2,11.7,36,3.4,75,1.7,0,72.4,27.8,43.8,59.4,58.1,33.9,1.2,0,15.7,11.2,1.6,7.7,11.4,1.9,0,6,0.3,12.2,
734006,01/03/1984,29.6,116.7,22,14,,1.6,0,0,0,0,1.6,0,0,0,0.2,0,0,0,16,0.5,10.3,0,0,4.8,0,0,29.6,0.3,2,0,1.6,0,29.4,15.2,0,3.6
734006,01/02/1984,30.6,63.6,28,12,,0,0,1,1.6,4.1,0,12.2,0,0,0.6,0,0,0,1.3,1.2,0,0,0,0,0,0,0,0,0,9,1.2,0.6,30.6,0.2,,
734006,01/01/1984,58.3,115.2,14,13,,2.4,0.4,2.1,0,0,0,0,0,0.5,1.7,0,0,2.2,58.3,0,0,0,0,0,0,0,8,4,0,0,0,29,0.2,5,1.4,0
734006,01/12/1983,1.5,7.5,27,8,,0,0,0,0,0,0,1.3,0,0,0,0,0,0.8,0,0,0,0.4,0,1,0,0,0,0.2,0,0,0,1.5,1.4,0.9,0,0
734006,01/11/1983,2.3,3.6,3,4,,0,0.6,2.3,0.1,0,0,0,0,0,0,0,0.6,0,0,0,0,0,0,0,0,0,0,0,0,0,0,0,0,0,0,
734006,01/10/1983,15.5,45.9,8,14,,10.4,0.1,0,0.2,0.1,1.6,0.5,15.5,0,0,0,0,2.2,0,0,0,0,0,0,0,0,1.4,0,0,0,0.8,10.1,0.2,1,1.8,0
734006,01/09/1983,17,43.4,30,13,,0.2,0,0,0,0.8,0.1,0,0,2.3,0,0,7.8,0,6.4,0,0,0,1.7,0.5,0,0,0.1,0.7,0,0,0,0,2.6,3.2,17,
734006,01/08/1983,19.4,97.9,29,19,,7.8,9.8,0,0,0.1,5.1,2.6,0.8,3.8,0,0,0,11,2.6,1.6,10.1,6.1,0.2,2.1,0,0,0,0,2.6,0,1.2,2.7,8.3,19.4,0,0
734006,01/07/1983,27.6,148.6,19,20,,0,0,0,0,3.5,20.8,2,0.6,18.5,20.6,2.4,6.3,0,1,3.2,6.7,0,1.3,27.6,1.5,10,14.6,0,4.2,1.8,1.8,0,0.2,0,0,0
734006,01/06/1983,53.2,167.4,14,23,,0,3.4,0.1,3.4,0,2.1,14.8,0,2.7,6.1,0.8,0,14.7,53.2,5.7,6.1,0.2,0.2,0.8,0,3.3,1,26,3.5,17.2,0,0.4,1.5,0.2,0,
734006,01/05/1983,37.8,148.3,10,22,,4,3.5,0,0,0.2,12.1,0,0,4.6,37.8,7.9,2,5.8,11,4.5,5,0,0,0.3,0,0,0,20.4,2,11.2,0.8,1.6,0.2,7.7,3,2.7
734006,01/04/1983,19.9,91.6,8,18,,0,3,0,0,0.2,4.2,16,19.9,0,0.4,1,0,0.3,0,3,10.3,1.8,6.5,0,0,4.2,0,0,0.2,8,0,0,5.2,2.1,5.3,
734006,01/03/1983,28.3,145.3,23,21,,0,0,0,0,5.5,3.5,1,25.1,13.7,2,2,0.8,0,2,0.8,0,0,6.5,10,3,20.1,0.4,28.3,15.1,0,0,0.5,1,1.8,0,2.2
734006,01/02/1983,98,236.7,16,18,,6.8,0,0,5.5,2.2,23,47.8,0.3,1.6,0.1,0.2,1,0.5,0,0.4,98,18.8,0,3.6,17.2,9.5,0.2,0,0,0,0,0,0,,,
734006,01/01/1983,36.1,57.5,31,10,,0,0.5,0,0,0,0,0,0,0,0,0,0,0,5.8,0,0,1.4,0,0,0,0.4,0.8,0,0,0,1.4,0,2.5,5,3.6,36.1
734006,01/12/1982,10.2,30.6,30,17,,0,0.7,2.7,0,0.6,1.6,0.2,0.3,0,0.6,1.1,0,0,1.2,0,0.2,0,2.8,1.3,0,0,2.5,2,0,0,0,0,0,0.8,10.2,1.8
734006,01/11/1982,7.3,25.9,2,14,,0,7.3,0,0,0.1,0,0,0,0,0,2.1,0,0,3.3,0.8,0.1,3.7,2.4,2.7,0,0.6,0,0,0,0,0.2,0.2,0.4,2,0,
734006,01/10/1982,3.1,4.1,28,3,,0,0,0,0,0,0,0,0,0,0,0,0,0,0,0,0,0.3,0,0,0,0,0,0,0,0,0,0.7,3.1,0,0,0
734006,01/09/1982,,,,,,4.3,0.1,0.3,2,0,1.4,2.6,51.4,1.4,5.8,4.1,0,0.7,0.2,7,16.9,,,,0,,0,,0,0,0,0,,0,,
734006,01/08/1982,,,,,,8.6,,,,,,,,,,,,,,8.4,4,,,0.3,,,0,0,,,0,0,0.2,,,
734006,01/07/1982,,,,,,,,,,,,,,,,,1.1,,,0,,,0,,,,,,,,,,,,,
734006,01/06/1982,,,,,,,,,,5.5,,,,3.3,,0,,0,,,,,,0.4,,,,,,,,,,,,
734006,01/05/1982,,,,,,,,,,,,,,,,,,,,,,,,,,,,,,,,,22.2,,0,
734006,01/04/1982,,,,,,,,,,,,,,,,,,,,,,,,,,,,,,,,,,1.2,,
734006,01/03/1982,20.3,80.1,10,16,,0,0.6,0.5,0,0,0,0.1,0.9,12,20.3,12,0.1,0,0,20,2.8,0.5,0,0,0.5,3,0,0,0,0,0,0,0,5.3,0.7,0.8
734006,01/02/1982,33.6,151.7,14,18,,0.1,0.1,0,0,0,1.6,1.3,6.7,0.2,0,0,0.6,0,33.6,24.9,21.2,7,30.8,0,1,0,2,0,0.5,0.9,9.8,9.4,0,,,
734006,01/01/1982,22.2,55.4,23,11,,1.2,1.6,0.3,0,0,0,0.5,0,0,0,2.9,0,0,0,0,0,0,0,0,0,0.7,4.6,22.2,0,0,9.6,6.8,0,0,0,5
734006,01/12/1981,10.9,57.5,6,,,0,0,0,0,0,10.9,0,3.7,0,0.5,7.5,,0.4,0.4,0,0.7,0.5,,3.5,3.6,7.5,3,,5.7,0,0.8,5.7,3.1,0,0,0
734006,01/11/1981,9.9,24.4,14,,,0.1,0,0,0,0,0,0,0,4.1,0,0.2,0.8,2,9.9,0,0,0,0,5.8,1.4,0,,,0,0,0.1,0,0,0,0,
734006,01/10/1981,3.8,10.5,5,,,0,0,0,1.5,3.8,1.6,2.9,0,0,0,0,0.2,0,0,0,0,0,0,0,0,0,0,0,0.1,,0.4,0,0,0,0,0
734006,01/09/1981,39,61.1,10,,,,0.4,0.2,0,0,0,0,0.4,0.2,39,,12.7,0,0,0,0,0,,1.1,6.2,0.2,0,0,0,0,0,0.7,0,0,0,
734006,01/08/1981,13.7,56.7,6,,,,0.4,0.2,3.9,0,13.7,4.9,0.9,1,3.6,0,0,0,0,0,0,0.2,0,0,0,0,3,1,3.7,0.2,6.5,0.8,0.2,5.1,2.9,4.5
734006,01/07/1981,47.4,117.2,9,,,,0.8,0,0,0,,,9.7,47.4,7.9,0,0,0,9.9,12.2,1.3,0.3,3,2.6,0,0,,,0,6.6,4.1,0,0,4.3,5.8,1.3
734006,01/06/1981,17.1,86.5,12,,,1.8,0.2,13.3,,0.4,2.5,9.7,,0.1,,5.7,17.1,,0.3,0.4,11.9,,1.7,1,0,0,0,0,8.2,,2.1,0.3,9.8,0,0,
734006,01/05/1981,36.2,148.4,16,,,2.9,,,,2,,,4.5,5.7,8.5,1.3,2.2,0.9,4.8,10.7,36.2,1,0,0,11,10.6,,7.9,,3.6,0,0,,0.9,2.5,31.2
734006,01/04/1981,,4.7,,,,0.2,,,,,,,,,,,,,0,0,,4.5,0,0,0,,,,,,0,,,,0,
734006,01/03/1981,,,,,,,,,0,,,,,,,,,,,,,7.8,,,,,,3.1,,,,,,,,
734006,01/02/1981,,30.6,,,,0,,,14.8,,,0.4,,0.4,0,,,0,,,,,,7.7,0,,,,,0,,,7.3,,,
734006,01/01/1981,8,26.6,19,,,,0.3,,,0,,,2.2,0,0,0.3,,,4.7,6,3.4,0,0,8,1.7,0,0,,,,,,,0,0,0
734006,01/10/1979,3.9,16.7,26,,,0,0.1,0,0.1,0,0.1,1.3,,1,0,0,0,0,0,0,0,0,0,0,2.6,0,0.8,1,2.8,3,3.9,0,0,0,0,0
734006,01/07/1979,72.8,167.2,2,19,,20.3,72.8,6.4,1.9,0,0,0,3.1,0,0.5,0.5,0,0,10.6,0,1,20.4,1,0.1,0.9,0,0,0,0.8,1,2.3,4.5,0,0,18.8,0.3
734006,01/06/1979,,187.7,,,,9.3,0,24.4,18.7,,26,4.2,0.3,6,,40.5,5.5,4.6,,0.6,1.3,9.5,1.5,13.4,0.4,0.5,2.8,2,4.2,,4.9,1.7,0.3,2.8,2.3,
734006,01/05/1979,115.8,324.9,16,,,22.7,7.2,1.2,25.7,0,0,9.2,7.2,0,18.2,53.6,,4.4,4.6,0.4,115.8,0.4,17.4,8,6.9,10.2,1.1,1.9,0,0,0,0,0,7,0,1.8
734006,01/04/1979,50.4,161.9,29,,,0.3,0,0,0,0.8,0.3,0,0,0,0,0,2.3,,,20.7,0.3,2.8,15.3,1.9,15.1,3.2,0,0,0,0,,1.9,27.4,50.4,19.2,
734006,01/03/1979,39.8,100.1,20,,,0,0,3.8,1.6,25.4,0,0,,2.7,0.3,1.8,0.7,0,0,1.6,0,0,0,4.2,39.8,2.7,0,1.4,0,2.5,1.2,0,5.8,4.6,0,0
734006,01/02/1979,44,83.1,24,,,0,0,,1.4,2.8,0,,,0,1,0,0,0,0.3,0.4,0,0,0,0,1,14.8,0,13.6,44,,1.2,,2.6,,,
734006,01/01/1979,,16.7,,,,0,0,0,0.3,0,0.3,0,0,0,0,0,0,0,0,3.6,0,0,0.3,0,0,0,0,0,1.4,,6.6,1.4,2.8,0,0,0
734006,01/12/1978,33.2,58.3,2,11,,12.6,33.2,0.2,0.6,0.3,4.2,3.6,1.6,0,0,0,0,0,0,0,0,0,0,0.3,0,0,0,0,0,0,0,0,1.4,0.3,0,0
734006,01/11/1978,32.7,99.8,30,10,,0,0,0,0,3.2,0,0,0,0,0,0,0,0,0,0,0.3,0,1,1.8,0,1,5.2,0,0,0,0,9,14.6,31,32.7,
734006,01/10/1978,26.6,58.2,6,10,,0,0,2,3.1,0,26.6,10.6,1,0,0,0,0,0,0,0,0,0,0,0.6,0,0,0,0,1,2.7,8.4,0,0,0,0,2.2
734006,01/09/1978,44.4,136.7,4,20,,0,0,3.4,44.4,7.6,0,0,0.9,0,0,0,0.3,0.1,1.8,0.7,4,17,0,0,1.2,9,0.1,4.3,3.8,5.8,12.2,5.2,9.3,5.6,0,
734006,01/08/1978,27.2,171.8,6,23,,0,18.6,1.8,11.4,2.6,27.2,17.4,0.4,0,1,2.6,0.2,0,1.7,0,0,0.9,5.2,0.7,12.8,18.5,3.3,25.7,1.3,0,0,10.4,3,0.1,5,0
734006,01/07/1978,96.8,517.1,11,23,,0,0,11,8.3,3,54,13.5,7.2,0,23.6,96.8,19.2,7,0,13.5,1.8,0,6.4,0.4,0,0,0,2.1,25.3,35.6,2.8,22.2,55,93.4,10.2,4.8
734006,01/06/1978,46.5,241.1,16,23,,10.2,0,0,0,0.1,1.1,4.3,0.4,2,2.4,0,1.8,20,25.4,30.1,46.5,0.2,1.2,0.3,0,7,16.5,25.8,8.9,0,15,1.1,7,0,13.8,
734006,01/05/1978,80.4,251.7,12,,,15.4,15,9.6,18.6,0,0,0,0.3,0,15.3,7.8,80.4,3.3,7.8,2.6,48.2,0.9,0,0,0,6.4,,1.2,0,0.3,0.3,0,3.2,1.3,0,13.8
734006,01/04/1978,148,456.8,10,20,,0,0,0,0,7.5,58,3.1,0,36.4,148,11,0.5,0,2.9,0,0,0,5.2,4.2,25.6,1.6,19.6,40,14.8,10.6,0,6,19.3,3,39.5,
734006,01/03/1978,100,250.4,14,19,,0,5.7,30.6,4.2,8.9,0,12.7,1,2.3,0,1,11.6,12.5,100,12.7,2.8,33,0,0,1,7.1,0,2,0,0.5,0,0.8,0,0,0,0
734006,01/02/1978,45,123.3,17,18,,0,0,0.3,0,0,1.4,0,1.6,0.3,4.7,38,4,2,0.7,6.5,7.4,45,1.4,3.7,3,1.9,0.6,0,0,0,0,0,0.8,,,
734006,01/01/1978,13,27.5,15,6,,0,0,0,0,0,0,0,0,0,0,0,0,0,0,13,3,0,1.9,2.2,0,0,0,0,0,0,0,0,0,0,0.4,7
734006,01/12/1977,3.1,18.7,21,12,,0,2.6,0,0,1.2,1.3,1,0,0,0.9,0,0,0,0,0,1.8,0,1,0,2.6,3.1,0.3,0,0,0,0,2,0,0,0,0.9
734006,01/11/1977,3.2,15.2,29,10,,0,0.5,3,1.4,0,0,0.1,0,0,0,0,0.4,3.1,1.8,0,0,0,0,1.2,0,0.5,0,0,0,0,0,0,0,3.2,0,
734006,01/10/1977,8.3,23.4,2,14,,0.9,8.3,0,0,0,0,0,0.3,0,3,0.1,0,1.3,3.4,0.2,2.2,2.1,0,0.3,0,0.3,0,0.5,0,0,0,0,0,0,0,0.5
734006,01/09/1977,25,84,18,11,,0.5,0,0,0,0,0,0,0,0.3,0,0,21.6,8.8,6.7,7.1,6.6,1.4,25,0.2,0,0,0,0,0,0,0,0,5.8,0,0,
734006,01/08/1977,20,71.9,25,15,,0,0.9,0,0,4,1.3,0.3,0,0,0,0,1.2,0.3,0,0,0,0,2.2,5,0,0,1.8,0.3,0,20,14,0,0,4,1.4,15.2
734006,01/07/1977,37.3,299.2,15,25,,20.2,9,1.3,3.8,10.2,28.5,21.7,6.6,0.3,4.1,12.8,0,0,0,37.3,36.8,10,1.4,0,0,0,0.9,1.2,30,24,7.3,7.2,6,2,7.3,9.3
734006,01/06/1977,108.3,458.6,24,24,,42,4.4,50,26.1,23.8,7.5,0,0,27.1,3.7,5.4,5.2,5,0.8,0,0,1.6,22.1,15.2,42.5,16.6,2.3,6.4,108.3,5.1,0,0,3.9,24.3,9.3,
734006,01/05/1977,40.8,245.7,15,21,,9.7,0.7,19.7,21.6,1.2,19.3,0,3.3,1.5,21.5,39.2,0,0.2,0,40.8,3.6,4.8,7.4,0.3,0,0,0,0.4,4,0,22,7.4,17.1,0,0,0
734006,01/04/1977,53.3,206.7,26,20,,0,0.2,43.6,0,0.1,0,25.2,0,3.3,1.9,9.1,10.6,7.6,0.7,10.1,1.1,0,0,6.2,10.6,0.4,1.8,0,0,19.6,53.3,0,0.6,0,0.7,
734006,01/03/1977,25,66.8,30,16,,0,0,0,2,1.3,0,0.3,0,0.3,0,0.2,0,0,0,0,0.8,11.5,4.1,0,0,3.3,0.4,0,0,0,9.1,2.2,1.8,3.8,25,0.7
734006,01/02/1977,23,110.2,1,21,,23,0.2,9.2,0,0.1,0.3,1.2,2.6,18.1,0.6,18.5,13.8,0,0,0.4,0,0.6,0,0,0.3,0.7,5.6,4.5,2.3,1.3,0,4.9,2,,,
734006,01/01/1977,47.6,122.9,29,18,,0,0.1,0,0.3,0,0,0,1,14.6,4.4,2,2.2,10.2,8.6,3.1,0.6,6,0,0,0,0,0,0,2.4,0,0,8.5,0.1,47.6,7.8,3.4
734006,01/12/1976,21.4,96.3,3,20,,0,6.7,21.4,0.6,0,15.2,5,0.4,0,0,0,0.2,10,0.6,0.6,0.4,0,0,1.3,7.8,0,0.2,0,0.2,0,0.1,0.6,0,20,0.4,4.6
734006,01/11/1976,3.8,10.3,28,6,,0,0,0,1.6,0,0,0,0,0,0,0,0,0.1,0,0,0,0,0,0,0,0,0,0,0,1.8,0,0.2,3.8,0,2.8,
734006,01/10/1976,23,94.7,15,16,,5.2,0,0,0.4,8,0,0.2,2,0,0,0.8,0,0,1.8,23,11.8,2.4,6.8,12.6,0,0,0,12.8,0,0,2.6,0.1,0,4.2,0,0
734006,01/09/1976,14,21.7,1,6,,14,0,1,3.7,0,0,0,0,0,0,0,0,0,0,0,0,0,0,2.8,0,0.1,0.1,0,0,0,0,0,0,0,0,
734006,01/08/1976,16.4,81.8,23,17,,0.4,0,1.3,0,0,0.1,0,0,0.5,0,0,2.5,5.3,0,0,0,0,2.2,3.9,2.2,0,0,16.4,8.9,0.8,3,16.1,14.1,4,0,0.1
734006,01/07/1976,71.9,330,17,22,,0,0,0,0,0,71,6.9,2.6,1,1.6,15.2,0,2.7,13.4,0,2.4,71.9,0,7,3.2,18.8,0.8,2.1,58.6,1.4,9.7,0.2,1.4,6.3,31.8,0
734006,01/06/1976,18.9,142.7,7,23,,0,0,0,10.8,0,0.2,18.9,4.2,7.5,2,1,8.5,4,0.1,6.5,0,0,15.4,6.3,2.2,2.9,13.2,13.9,2.5,12.4,0.8,0,0.6,1.1,7.7,
734006,01/05/1976,99.8,244.7,22,18,,8.8,0,0,0,15.4,0,0,0.4,0,0,2,0,0.5,0,0,0,3.4,1.1,0,0.1,11.8,99.8,5.8,0.2,0.2,0.6,5.1,82.7,5.8,0,1
734006,01/04/1976,52,248.7,12,21,,7.5,7.5,0,4,0.4,0,1.6,0.3,44,3.8,0,52,1.4,4.7,7.3,32.2,4.9,0,18,28.5,0.2,1,8.6,3,0,0,0,0,0,17.8,
734006,01/03/1976,78.5,123.5,31,,,0,0,,,,,,,,,,,,,,,,,,,,,,,1.5,0,1.5,15.8,25,1.2,78.5
734006,01/02/1976,64,249.6,2,20,,0,64,32.3,22.2,7,5.7,0.2,2.6,0.9,0,21.6,24.5,2.4,8.4,0,0.6,0.6,1.4,0,3,0.9,48.4,1.8,1.1,0,0,0,0,0,,
734006,01/01/1976,5,15.2,19,,,,,,,,0,0,0,0.1,0,0,0,0,3.1,0,0,0,0,5,0,0.3,0,0,0,0,0,0.2,0,1.8,0.2,4.5
734006,01/11/1975,,,,,,,,,,,,,,,,,,0,0,0,0,0,0,,0,0,0,0,0,0,,,,,,
734006,01/04/1975,32,108.1,23,20,,0,0,4,0.4,0,0,1.4,1.6,0.3,0,0,0.6,0,0,1.6,0.2,0,0,0.3,0.3,0.4,5.6,32,24,1.4,0.2,14.6,15,4,0.2,
734006,01/03/1975,115,147.2,1,,,115,0.3,9.6,0,5.2,5.6,0.3,6,1,1.4,0.4,0,0,2.4,0,,,,,,,,,,,,0,0,0,0,0
734006,01/02/1975,15,43.7,25,8,,2.7,0,0,0,0,0,0,0,0,0,0,0,0,1.3,0,0,0,0.3,0,0,0,3,0,0,15,9.4,1,11,,,
734006,01/01/1975,25,87.2,25,18,,12,0,0,0,0,0,1,1.6,0.2,0,0.4,0,0,1.8,6.6,7.6,4,0.3,0,0,0,0,2.7,0,25,1.4,2.4,0.4,6,3.6,10.2
734006,01/12/1974,11.4,25.3,1,4,,11.4,4.1,0,0,0,7,2.8,0,0,0,0,0,0,0,0,0,0,0,0,0,0,0,0,0,0,0,0,0,0,0,0
734006,01/11/1974,7,24.7,28,11,,0,0.3,0,0,0,0,1,0,0,0,0,0.3,0,0,0,0,0,0,0,4.2,1.6,0,0,0,0.6,0.6,1.2,7,4.2,3.7,
734006,01/10/1974,4.3,11.1,9,5,,0,0,0,0,0,0,1.6,0,4.3,1,0,0,0,0,0,0,0,0,0,3,0,0,0,0,0,0,0,1.2,0,0,0
734006,01/09/1974,33.5,132.9,18,16,,3.1,21.2,0,0,3.3,0,0,9.2,0,0,33.4,0,0,0,0.3,3,7.2,33.5,0.2,0.5,0,1.2,6.6,0,0,0,0.4,8.8,0,1,
734006,01/08/1974,84,189.5,1,17,,84,13.6,2,7,4.7,0,0,8.7,0.6,0.2,2.4,0,0,0,0,0,0,2.9,0,12.8,0,0,0,0,4.1,9.9,14.5,0,7.4,13,1.7
734006,01/07/1974,62,308.5,10,23,,0,0,0,1,1,4,20,14.4,23.6,62,0,0.3,0,0,34,36,9.8,38.4,11.2,2.4,12,11,4,2.6,6.6,3.2,0,4,1.4,0,5.6
734006,01/06/1974,45.5,226.9,21,10,,0,0,0,34,0,0,0,0,13,0,0,0,0,0,0,5,0,6,0,15,45.5,36,39.4,0,0,25,0,0,0,8,
734006,01/05/1974,99,434,22,16,,0,0,0,0,0,0,0,1.2,30,5.8,27.9,8.5,57,0,0,0,0,73.8,0,12.2,0,99,15,3.4,0,4.8,0,24.2,11,28.2,32
734006,01/04/1974,83.4,236.4,2,15,,2,83.4,0,0,1,0,1.2,23.4,0.2,0,22.4,0,17.3,0,3.2,2.4,5.4,39.7,1.4,0,0,0,0,8,0,25.4,0,0,0,0,
734006,01/03/1974,74.4,277.7,10,16,,13.4,6.2,4.2,0,2.4,0,0,1,23,74.4,22,28,0,0,0,0,0,39.3,0.6,39,6.8,0,0,1.8,0,2.6,0,0,0,0,13
734006,01/02/1974,19,112.4,5,16,,18.6,0.2,0,11.6,19,5,7,2.4,0,0,0,0,0,0,0.2,2,0,1.2,1.8,0,0,5,0,0,13.2,2.2,12,11,,,
734006,01/01/1974,49.6,260.6,29,19,,0,0,0,0,0,0,0,1.4,0,0.4,0,0,1.6,0.1,2,3.4,36,3.6,12,0.7,47,15.8,1.8,0,10,3.8,10,0,49.6,44.6,16.8
734006,01/12/1973,12,24.2,22,9,,1,0.2,0,0,0.6,0,0,0,0,0,0,0,1.8,0,0,0,0,0,5.8,0.2,1,12,0,0,0,0,0,1.6,0,0,0
734006,01/11/1973,8.4,13.7,24,6,,0,2,0.8,0,0,0,0,0,0,0,0.4,1.8,0,0,0,0,0,0,0,0,0,0,0,8.4,0,0.3,0,0,0,0,
734006,01/10/1973,12,38.8,4,9,,7,5.8,0,12,0.1,0,0,0,0.2,0,0,0,0,0,0,0,0,0,0,0.6,0,0,0,0,0,10.3,0,0,0,2.4,0.4
734006,01/09/1973,55,147.4,1,,,55,0,6,0.1,0,0,0,1.2,4.1,,2.2,0,6.8,3,1.8,3.2,2,3.3,22.8,8,0,0,0.3,0,3.8,23.8,0,0,0,0,
734006,01/08/1973,33,115.3,2,10,,0,33,25,31,0.3,0,0,0,0,0,1.4,0,0,0,1,0,0,12.8,7.4,0,0,0,0,0,0,0,0,0.2,3.2,0,0
734006,01/07/1973,99,269.7,21,21,,38.4,0,7,0,52.5,12.4,10,8.1,0.6,2.2,0,10,0.2,2.4,1,8,1.6,2.5,2.2,5.8,99,0,0,0.6,0,4.4,0.8,0,0,0,0
734006,01/06/1973,133,624.9,21,24,,39,0.6,10,24.6,2,9,1.4,4.3,107.7,6.2,3.6,25.1,13.8,21.5,102.8,4.4,3,15.4,0,0,133,4.8,0,0,45.9,40,6,0,0,0.8,
734006,01/05/1973,83.4,393.1,24,24,,0.4,60,23.6,0,1,4,0.2,0,0,9.3,29,0,0,0,23.6,1.5,16.8,8.6,10,1,6,1.4,0,83.4,3.2,69,19,11.6,0.2,3.3,7
734006,01/04/1973,121,549.5,26,22,,0,0,3,0.2,14.4,3.4,10,51,80,26.6,6.7,0,0.2,0.4,6,0,0,30,0.2,0,50,23,14.6,0,0.4,121,63,45,0,0.4,
734006,01/03/1973,51.4,193.4,9,17,,4,26.7,1.8,0.1,0,0,0,0,51.4,0,0,0,0,1,0.6,1.4,0,0,5,0.2,6.4,21.8,13.4,32,7.6,0,17,0,0,3,0
734006,01/02/1973,42.2,71.4,26,14,,0,0,0,0.2,0,0,0,2.2,2,0.8,0.1,0,0,1.2,4.1,0,1.7,0,3,1.8,0,0.5,7,4.6,0,42.2,0,0,,,
734006,01/01/1973,21.3,77.1,3,,,,0.6,21.3,6.9,0.3,16.4,0,0,0,0,2,0,0,0,0,0,0,0,0.2,0,0,0,0,0,13.4,10,5,0.8,0.2,0,0
734006,01/09/1972,0,0,1,,,0,0,0,0,0,0,0,0,0,0,0,0,0,0,0,0,0,0,0,0,0,0,0,0,0,0,0,0,0,0,
734006,01/08/1972,0,0,1,,,0,0,0,0,0,0,0,0,0,0,0,0,0,0,0,0,0,0,0,0,0,0,0,0,0,0,0,0,0,0,0
734006,01/07/1972,0,0,1,,,0,0,0,0,0,0,0,0,0,0,0,0,0,0,0,0,0,0,0,0,0,0,0,0,0,0,0,0,0,0,0
734006,01/06/1972,0,0,1,,,0,0,0,0,0,0,0,0,0,0,0,0,0,0,0,0,0,0,0,0,0,0,0,0,0,0,0,0,0,0,
734006,01/05/1972,0,0,1,,,0,0,0,0,0,0,0,0,0,0,0,0,0,0,0,0,0,0,0,0,0,0,0,0,0,0,0,0,0,0,0
734006,01/04/1972,0,0,1,,,0,0,0,0,0,0,0,0,0,0,0,0,0,0,0,0,0,0,0,0,0,0,0,0,0,0,0,0,0,0,
734006,01/03/1972,20.6,110.2,11,17,,0,0.2,1.6,0,0,17.5,15.2,0.1,0,9.7,20.6,0,0,0.3,1.8,0,0,0,0,0,0,0.3,17,0,3.3,0.2,0,2.6,1.2,15,3.6
734006,01/12/1970,8.5,12.1,23,2,,0,0,0,0,0,0,0,0,0,3.6,0,0,0,0,0,0,0,0,0,0,0,0,8.5,0,0,0,0,0,0,0,0
734006,01/11/1970,9,9,9,1,,0,0,0,0,0,0,0,0,9,0,0,0,0,0,0,0,0,0,0,0,0,0,0,0,0,0,0,0,0,0,
734006,01/10/1970,0,0,1,1,,0,0,0,0,0,0,0,0,0,0,0,0,0,0,0,0,0,0,0,0,0,0,0,0,0,0,0,0,0,0,0
734006,01/09/1970,18,74.6,30,9,,0,0,0,0,10,5,0,6,10,0,0,0,12,0,0,0,0,0,0,5,0,8,0,0,0,0.6,0,0,0,18,
734006,01/08/1970,191,528.2,11,20,,0.5,3.5,7.5,74.6,20,43,23,24,0,2.3,191,9.5,3,5.5,62,19.4,0,2,0,3,0,0,0,0,7.4,0,0,12,15,0,0
734006,01/07/1970,110,362.3,19,16,,0,0,0,0,0,0,10,1.5,0,90.5,0,0,0,0,0,0,7,18.4,110,14.5,35,3.5,0,0,10,17,2,4.4,9,9.5,20
734006,01/06/1970,119,351.7,6,12,,6,10.5,55,30,26,119,0,16.3,0,3.5,0,0,0,0,0,0,0,0,0,0,0,27,10.4,35,13,0,0,0,0,0,
734006,01/05/1970,59,198.9,15,13,,0,0,0,0,0,4,7,2,12,0,8,2.7,0,25.2,59,0,0,0,0,3,0,0,0,0,0,0,5,0,47,20,4
734006,01/04/1970,123,518,24,12,,0,0,0,0,32.8,0,0,0,0,0,0,0,0,50,0,0,0,10.5,0,0,19,56,10.8,123,108.8,55,18,34,0.1,0,
734006,01/03/1970,59.5,335.6,20,18,,45,16,5,0,0,0,0,15,6,10,2,2.4,15.4,12,10.5,0,0,0,38,59.5,7.2,2.6,0,0,0,10.4,31.6,0,0,0,47
734006,01/02/1970,22.6,71.6,3,5,,0,0,22.6,2,0,0,0,0,0,0,0,0,0,0,0,0,0,0,0,0,0,0,15,10,0,0,0,22,,,
734006,01/01/1970,3,5.5,13,3,,0,0,1.5,0,0,0,0,0,0,0,0,0,3,0,0,0,0,0,0,0,0,0,1,0,0,0,0,0,0,0,0
734006,01/12/1969,6,13,2,3,,0,6,0,0,0,0,0,0,0,0,0,0,0,0,0,0,0,0,0,1,0,0,0,6,0,0,0,0,0,0,0
734006,01/11/1969,5,9.5,21,4,,0,0,0,0,0,0,0,0,0,0,0,0,0,0,0,0,0,1.5,0,1,5,2,0,0,0,0,0,0,0,0,
734006,01/10/1969,26.2,42.2,4,5,,4,0,6,26.2,0,0,0,0,0,0,0,2,0,0,0,0,0,0,0,0,4,0,0,0,0,0,0,0,0,0,0
734006,01/09/1969,19,57,4,10,,1,0,2,19,16,4,5,2,0,0,0,0,5,0,0,1,0,0,0,0,0,0,0,0,0,0,2,0,0,0,
734006,01/08/1969,18,130,8,20,,0,0,8,5,2,4,5,18,0,1,4,12,16,2,0,4,0,4,1,0,0,2,4,4,1,0,16,17,0,0,0
734006,01/07/1969,77,350,13,27,,8,0,33,5,14,15.8,13,4,5,4,2,23,77,1.8,5,3,0,0,30,31,11,2,6,2,2,13,10,7,21,0,1.4
734006,01/06/1969,114,495.5,12,19,,11,0,0,0,0,0,43,0,0,0,22,114,77.6,47,2.5,2.5,0,6,8.2,26.5,2,0,10,11,19.2,0,13,65,9,6,
734006,01/05/1969,80.5,413,22,15,,0,0,0,38.3,28,61,2,0,0,0,15.4,17,0,15,0,0,0,26,0,2.6,43,80.5,11,45.2,0,0,12,0,0,0,16
734006,01/04/1969,118,217,14,5,,12,0,18,51,0,18,0,0,0,0,0,0,0,118,0,0,0,0,0,0,0,0,0,0,0,0,0,0,0,0,
734006,01/03/1969,68,156.2,30,6,,0,9,20.4,0,0,0,0,0,0,0,0,0,0,0,0,0,0,0,0,0,0,0,0,0,0,10.4,0,0,12,68,36.4
734006,01/02/1969,27,36.2,18,4,,4,0,0,0,0,0,0,0,0,0,0,0,0,0,0,0,0,27,0,0,0,0.2,5,0,0,0,0,0,,,
734006,01/01/1969,47,76,24,4,,0,17.6,0,0,0,0,0,0,0,0,0,0,0,0,0,0,0,0,0,0,0,0,0,47,0,0,0,4.4,7,0,0
734006,01/12/1968,11,21,16,2,1299.7,0,0,0,0,0,0,0,0,0,0,0,0,0,0,0,11,0,0,0,0,0,0,0,0,0,0,0,0,0,10,0
734006,01/11/1968,2.6,7.4,18,4,1299.7,0,0,2,0,1.4,0,0,0,0,0,0,0,0,0,0,0,0,2.6,0,0,0,0,0,0,0,0,0,1.4,0,0,
734006,01/10/1968,5,5,28,1,1299.7,0,0,0,0,0,0,0,0,0,0,0,0,0,0,0,0,0,0,0,0,0,0,0,0,0,0,0,5,0,0,0
734006,01/09/1968,24.2,98.3,23,6,1299.7,0,0,0,0,0,0,0,17.7,0,0,7,22.8,0,0,0,0,0,0,0,0,0,0,24.2,0,0,23,3.6,0,0,0,
734006,01/08/1968,15,64.1,1,8,1299.7,15,0,0,0,0,2.8,0,0,0,0,0,0,0,0,0,0,0,5.4,13.4,1.4,0,0,0,0,3.5,0,7.8,0,0,0,14.8
734006,01/07/1968,66,208.1,13,12,1299.7,38,0,0,0,0,0,8,0,0,0,4.6,0,66,0,5.4,14,20,0,18,2.8,8.2,0,15,0,0,0,0,0,8.1,0,0
734006,01/06/1968,45.7,85.6,18,4,1299.7,0,0,11.4,0,0,0,0,0,0,0,0,12,0,0,0,0,16.5,45.7,0,0,0,0,0,0,0,0,0,0,0,0,
734006,01/05/1968,58,115.5,29,5,1299.7,0,0,0,21.6,25.6,0,0,0,0,0,0,0,0,6.8,0,0,0,0,0,0,0,0,0,0,0,0,0,0,58,0,3.5
734006,01/04/1968,85,182.5,25,4,1299.7,3,0,0,0,0,0,0,0,0,0,0,0,0,0,80,0,0,0,0,0,0,0,0,0,85,0,14.5,0,0,0,
734006,01/03/1968,92,353.4,24,13,1299.7,0,0,0,0,6.5,0,0,18.6,0,0,66.9,0,14.2,16.8,0,0,0,11,0,0,9.2,73,0,92,15,11,4.2,0,0,15,0
734006,01/02/1968,28.2,70.2,7,9,1299.7,0,0,0,0,3,0,28.2,0,0,0,0,0,2.4,0,16,0,0,0,0.8,0,0,0,0,0,2,6.2,6,0,5.6,,
734006,01/01/1968,35.2,88.6,27,6,1299.7,0,0,0,0,0,0,0,0,0,0,0,0,0,0,0,0,0,0,0,0,3.4,0,8.2,0,0.2,24.6,35.2,0,17,0,0
734006,01/12/1967,2.8,4.2,7,3,2156.7,0,0,0,0,0,0,2.8,0,0,0,0,0,0,0,0.6,0,0,0,0,0,0,0,0,0,0,0,0,0,0.8,0,0
734006,01/11/1967,0,0,1,0,2156.7,0,0,0,0,0,0,0,0,0,0,0,0,0,0,0,0,0,0,0,0,0,0,0,0,0,0,0,0,0,0,
734006,01/10/1967,10.3,58.1,18,18,2156.7,5.9,2.3,0.4,3,5.4,1.6,1.6,0,3,0,3,2,0,3.6,0.4,0,0.4,10.3,6.6,0.6,0,6.3,0,0,1.7,0,0,0,0,0,0
734006,01/09/1967,11.6,43.9,2,9,2156.7,0.6,11.6,8.4,0.6,0,0,0,0,0,0,0,10,9,0,0,0,0,0,0,0,0.4,0,0,0.5,0,0,0,0,0,2.8,
734006,01/08/1967,39.9,244,4,26,2156.7,0.6,2.4,2.3,39.9,0,4.7,16.2,0.7,3.4,7.4,5,8.3,1.6,6.9,0.9,0,19.2,25.6,14.6,18.3,0,5.6,0,0,3.4,4.2,4.6,3.3,12.3,29.2,3.4
734006,01/07/1967,51.4,231.9,5,18,2156.7,16.3,14.4,0,5.7,51.4,0,0,0,1.6,4.7,43,8.8,1.7,3.4,0.5,1.8,0,0,1,0,0,0,0,0,0.6,0,5,6.1,18.8,47.1,0
734006,01/06/1967,62.1,384.2,22,22,2156.7,40.2,0,39.4,48.6,1.8,2.4,4,0,0,28,7.4,0,10.6,0,23.4,12.2,2,16.6,0,0.6,22.6,62.1,11,3.6,17.6,2.5,17,0,0,10.6,
734006,01/05/1967,116.2,265.9,9,21,2156.7,1.4,1.7,0,0,0,1.6,23.6,0,116.2,4.7,1.7,17.9,1.3,7.4,8.6,0,7,0,12.2,25.7,2.8,0.4,0,4.8,5.2,15,2.4,0,0,0,4.3
734006,01/04/1967,62.3,414.8,18,20,2156.7,23.5,4.5,0,45.7,61.6,29.9,0.9,0.6,0,2.2,7.2,33,12.7,2.7,0,0,18.8,62.3,9.4,0,0.6,0,0,0,0,0,24.4,12.4,61.8,0.6,
734006,01/03/1967,73.8,425.8,11,23,2156.7,0,0,0,2.2,11.6,4.7,3,3.2,2.4,71.2,73.8,16.4,17.3,5,17.9,67.9,1.1,0,6.2,0,8.4,0,16.6,25.7,21.4,23.6,1.8,0,0,1,23.4
734006,01/02/1967,15.1,62.5,28,8,2156.7,12,0,0,0,0,0,0,0,0,0,0,0,0,0,0,1.8,7,0,0,0,0,1.2,1,0,13.6,10.8,0,15.1,,,
734006,01/01/1967,8.5,21.4,14,8,2156.7,0.4,1.1,0,0,0,0,0,0.9,0,2.7,0,0.4,4.8,8.5,0,0,0,0,0,0,0,0,0,0,2.6,0,0,0,0,0,0
734006,01/12/1966,7.6,11.3,28,7,1823.7,0,0,0,0,0,0,0.3,0,0,0,0,0,0,0,0.6,0,0,0,0.4,0,0.3,0,0,0,0,1.4,0,7.6,0.7,0,0
734006,01/11/1966,29.6,59.3,20,10,1823.7,0,0,0,1.7,4.7,0,3.1,1.7,7.2,0,0,0,0,0,0,4.4,0,0,0,29.6,0.3,0,0,0,5.4,0,0,1.2,0,0,
734006,01/10/1966,3,4.8,26,2,1823.7,0,0,1.8,0,0,0,0,0,0,0,0,0,0,0,0,0,0,0,0,0,0,0,0,0,0,3,0,0,0,0,0
734006,01/09/1966,19.2,112.5,26,19,1823.7,4,3.4,0,3.7,3.2,16.6,0.7,5.7,0.4,0.6,0,16.6,5.6,0,0,2.6,0,0,0,4.2,2.8,0,0,0,5.4,19.2,4.6,0,1.8,11.4,
734006,01/08/1966,35.4,140.3,11,19,1823.7,2.9,7.7,0,0,0,0,0,1.7,0,3.1,35.4,2.9,0,2.2,0.2,12.2,0.5,13.2,0.6,1.4,0,0,0,0,26.8,13.1,0.4,1.4,0.4,0,14.2
734006,01/07/1966,72.4,548.2,3,28,1823.7,0.3,47.8,72.4,19.4,50.6,0,0,19.4,6.8,42,11.3,9.7,54.3,30.9,9.7,1.6,29.4,27.8,47,0,2.2,5.6,2.6,3.2,5.4,5,12.9,2.2,4,20.6,4.1
734006,01/06/1966,44,256.7,14,20,1823.7,0,1.2,0,0,0,8,0,0,0,0.6,9.6,16.2,0.5,44,7.6,3,7.6,0,14.6,0,14.4,11.2,14.6,0,6,35.2,7.2,5,29.2,21,
734006,01/05/1966,31.2,129.3,29,17,1823.7,17.3,0,0,7.1,0.7,12.7,0,1.8,0.2,0,0,0,14.6,2.6,3.1,0,0,0,0,0,0,0.6,10.6,2,0,0.2,0,1.7,31.2,11.7,11.2
734006,01/04/1966,71.4,126.6,30,16,1823.7,7,0,0,0,0,2.7,0,0,0,1.7,0,0,5.2,2.9,4.7,1.6,9.8,0,0,0.7,0,0,3.6,6.6,1.3,1.2,0.4,5.8,0,71.4,
734006,01/03/1966,43.6,142.5,17,10,1823.7,4.6,0.2,0,0,2.6,0,0,0.3,0,0,0,0,0,0,39,38.6,43.6,0.7,0,2.2,0,0,0,0,10.7,0,0,0,0,0,0
734006,01/02/1966,61.7,214.5,9,18,1823.7,3.1,19.2,9,5.8,5.1,1,3.2,2.6,61.7,4.8,34,0.4,0,1.6,0.4,49.7,2,0,0,0,0,0,0,0,0,0,8.1,2.8,,,
734006,01/01/1966,23.2,77.7,25,16,1823.7,4.7,0,0,0,0,0,1.4,2.9,0.2,0,0,0.3,4.7,1.2,0,2.8,0,0,2.3,0,1.2,6.2,3.6,16.1,23.2,4.2,0,0,0,0,2.7
734006,01/12/1965,21.5,42.1,27,6,2076.3,0,0,0,0,0,0,0,0.8,0,0,0,0,0,0,0,0,0,0,0,0,0,0,0,0,0,1.8,21.5,5.7,0,2.9,9.4
734006,01/11/1965,15.8,21.9,15,7,2076.3,0.4,0,0,1.2,0,0,0,2.3,0.4,0,0,0,0,0,15.8,0,0,0,0,0,0,0,0,1.4,0.4,0,0,0,0,0,
734006,01/10/1965,11.8,21.7,10,8,2076.3,0,0,0,0,0,0,0.2,0,2,11.8,3,0,0,0,0,0,0,0.8,2.2,0,0,0,0,0,0,0,0,0.7,1,0,0
734006,01/09/1965,20.1,105.1,15,18,2076.3,0.2,0,0,8.8,10.6,3.5,1,9.8,1,0,0,0,0,8.6,20.1,2.8,0,0.7,0.5,1,0,0,0.7,2.9,17.4,14.8,0,0,0,0.7,
734006,01/08/1965,22,94.3,26,19,2076.3,0,0,0,0,0.7,0.4,0.4,3.2,0.4,0,0,0,0,2.2,6,0.4,0,0,0.8,3.6,3.2,0,0.2,3.2,16,22,17.8,1.3,12.2,0,0.3
734006,01/07/1965,41,166.9,3,19,2076.3,4.2,4,41,20.2,18.6,12.6,20.2,3.4,5.6,0,0,2.2,6.6,7.6,0,1.3,8.3,2.6,7,0.6,0,0,0,0,0,0.4,0,0,0,0,0.5
734006,01/06/1965,138.4,731,12,24,2076.3,53.2,32.2,53.8,14.2,0,0,2.5,0,5.6,0,0.6,138.4,47,37.2,39.4,2,12,49.6,17,4.8,0,12.7,9.8,18,30.1,41.8,13.6,0,44.4,51.1,
734006,01/05/1965,100.8,478,3,23,2076.3,33,21.2,100.8,21.4,4.6,0,7.6,4.8,2.4,8.6,0,6,7.2,79.1,35.4,4,66,3.8,0,0,0,0,0,1.2,15.6,7.4,0,2.5,8,25.6,11.8
734006,01/04/1965,66,314.9,20,24,2076.3,0.2,0,13.4,8.6,2,7.2,1.4,9,13.2,28.8,12.6,3.2,8.5,2,1.6,0,0,13,34.2,66,9.2,28.4,17.8,0,0,18,4.5,0,7.1,5,
734006,01/03/1965,8.9,43.4,27,18,2076.3,0.4,1.8,0,0.8,0,0.7,0,0.4,0,0,0,0,1.4,2.2,0,0.4,0,3.2,4,0.8,0,0.9,0,1.5,0,6,8.9,1.4,1.6,0,7
734006,01/02/1965,6.8,7.4,25,4,2076.3,0,0,0,0,0,0,0,0,0,0,0,0,0,0,0,0,0,0,0,0,0,0.2,0,0,6.8,0.2,0.2,0,,,
734006,01/01/1965,19.3,49.6,11,10,2076.3,0,0,0,0,0,0,0,0,0,0,19.3,5.4,1.3,0,0,1.2,7.2,4.4,0,0,0,0,0,1.8,7.4,0.4,0,0,0,1.2,0
734006,01/12/1964,,,,,,3.3,0,3.3,1.2,0,,,,,,,,,0,0,8.4,0.4,0,0,0,0,0.6,0,0,0,0,0,0,0,0,0
734006,01/11/1964,3.4,16.7,10,10,,0,0,1.2,2.4,0,0,0,0,0,3.4,2,0,2.6,0,0,0,1.6,0.4,0.2,2.4,0.5,0,0,0,0,0,0,0,0,0,
734006,01/10/1964,6.8,35.7,24,12,,0,0,0,0,0,0,0,1.3,0,0,0,0,0,0,0,0,0,0,1,0.4,6,1.1,0.2,6.8,0,0.2,6,2.8,0,5,4.9
734006,01/09/1964,25.5,226.7,2,23,,18.8,25.5,2.1,0,2.8,9.5,3.7,14.4,10.8,10.4,5.8,0,1.2,25.5,20.7,5.2,18,10.3,13.5,8.4,2,7.4,2.6,0,0,0,0,0,4.9,3.2,
734006,01/08/1964,27.7,285.6,14,30,,0.2,15.6,17.7,21.6,17.2,1.4,4.6,3.4,4.4,20.8,17.8,8.4,17.5,27.7,12.6,8.4,6.6,0,7,0.4,3.2,9.6,19.3,1.6,5.6,11.2,10.4,7.8,3.2,0.2,0.2
734006,01/07/1964,144,567,6,31,,4.2,4.8,80.6,5.2,3.5,144,10.5,5.4,2.8,4.4,20.4,32.5,4.1,47.7,8.4,4.8,21.4,34.2,2.3,7.5,4.7,0.2,16.1,34.3,11.4,5.2,2.8,0.2,3.4,37.6,2.4
734006,01/06/1964,82.2,518.7,17,22,,0,0,0,0,0,11,14.2,5.2,0,3.4,0.8,13,9.8,18.8,4,23.4,82.2,64.1,4.8,0,25,26.1,42.2,46.8,3.4,0,12,51.2,21,36.3,
734006,01/05/1964,127.1,701.6,29,28,,51.4,17,14.2,0.2,92,0.6,0.4,0,0,1.4,1.2,49,7.6,50,58.6,7.2,11.6,2,0.2,14,0.6,23,10.4,79,7.4,12.6,10.3,46.8,127.1,5.8,0
734006,01/04/1964,,,,,,0,16,10,11.6,6.2,0,16.3,186.2,0,53,13.8,7.8,40.4,128.8,47.2,0.6,0,0,23,29.9,8.6,0,5,7.3,0,,1.4,4,8,7.4,
734006,01/03/1964,,,,,,40,7,37,14,5.4,12.2,8,6,27,5.8,20,8.6,8,7.6,2.4,0.4,0,0.6,6.4,6.2,3,0.4,0,3.3,56,3.6,0,15.2,15,0,0
734006,01/02/1964,95,350,8,21,,0,0,0,1.2,0,0,0,95,60.4,40.9,2.4,44,8.4,10.2,6.4,0.4,0.2,1.2,5.8,9.4,21.4,20,13.4,0.2,4.4,0,0,1.9,2.8,,
734006,01/01/1964,59.4,279,9,21,,9,0.2,11.6,35.3,35.6,0.4,8.2,12.5,59.4,30,2.2,11.4,27.8,8.8,0.2,0,2,0.4,0,0,0,0,0.6,0,0,18.4,4.8,0,0.2,0,0
734006,01/10/1963,1.1,5.6,17,9,,0,0,1,0,0,0,0,0.6,0,0.6,0,0,0,0,0,0,1.1,0.9,0.8,0,0,0.2,0.2,0,0.2,0,0,0,0,0,0
734006,01/09/1963,6,26.1,18,21,,0,0.6,1.2,0.6,0,1,3,0.6,1.4,1.2,0.6,1.7,0.2,0,0,0.4,0,6,2.4,0.4,0.4,2,0,0.2,1,0,0.2,0,0,1,
734006,01/08/1963,71.8,147.5,20,18,,1.9,0.2,6.2,0.4,0,0,0.6,6.4,3,11.3,8,6.6,2.4,4.7,0,2.8,1.6,0,16.6,71.8,0,0,0,0,0,2.6,0.4,0,0,0,0
734006,01/07/1963,150.1,363,5,26,,2.6,0.3,1.4,6.6,150.1,2.2,0,0,5.6,1,0,1.6,1.2,4.4,12.5,0,4.4,2.5,0,0.6,28,0.8,47.8,2,10.2,16.5,0.9,11.4,1.7,8.2,38.5
734006,01/06/1963,22.6,146.3,27,24,,2.6,10.7,0.6,1,3.7,2.4,0.6,12,9.5,0,0,1.2,0.6,1.2,14.2,0.4,0.4,0,0,0.8,2.6,0.2,0,0,18,9,22.6,17,6,9,
734006,01/05/1963,65.2,177,27,21,,17,0,2.1,0,0.2,3,1.4,4.7,2.4,0.6,1,0.4,5.4,0,0.6,0,0,0,0,0.4,1.1,3.1,0.6,10.8,4.7,47.2,65.2,5.1,0,0,0
734006,01/04/1963,105.4,286.8,24,21,,11,18.7,23.4,5.7,5.6,3.9,0.6,1.3,7,0.6,0,2.2,1.8,0,0.2,1.9,0,0,0,0,2,0,4,105.4,19.4,22.1,0,0,20.5,29.5,
734006,01/03/1963,55,302.3,29,25,,0,0.2,0,0,4.6,11.8,7.1,18.4,26,5.7,7.2,14.5,17,23.1,7.7,1.8,2.4,5.6,4.4,12,4.9,0,0.2,0,5.7,0,14.8,32.6,55,11.9,7.7
734006,01/02/1963,65.6,189.1,18,17,,0.8,0.6,9.4,0,0,0,0.4,1,0.2,0,0,0,4.6,0.2,2.4,0,9,65.6,0,0.2,0,0,1.5,0,4.5,26.1,4.8,57.8,,,
734006,01/01/1963,15.3,32.4,31,15,,2.2,0,0,0,0,0,0,0.2,0.6,0,0,0,0.2,0,0,0.2,0.4,0.2,3.4,0.6,1,1.6,5.9,0,0.2,0,0,0,0,0.4,15.3
734006,01/12/1961,3.6,13.2,29,14,2223.5,0,0,0,0.6,0,0.2,0,0,0,0,0,0,1.5,0.8,0.4,0,0.6,0.4,0,0,0,0.6,0.4,0.6,0,0.8,0,0.6,3.6,2.1,0
734006,01/11/1961,2.2,8,6,13,2223.5,0.2,0.6,0,0.2,1,2.2,0.2,0.2,1,0,0,0,0,0,1.3,0.1,0.2,0,0,0,0,0,0.6,0.2,0,0,0,0,0,0,
734006,01/10/1961,18.1,72.6,14,26,2223.5,7.2,1.4,0.5,0,3,7.4,2.6,6.1,0.2,3.7,0.3,0.5,5.5,18.1,0.5,1,3.6,0,3.3,0.6,0.5,0.4,4,0.9,0.2,0,0,0,0.2,0.5,0.4
734006,01/09/1961,15.6,82.4,5,21,2223.5,13.6,4.8,0.9,0.6,15.6,0.7,1.1,2,0.2,0.4,2.9,3,0,0,0,0.4,0,0,0,11,4.9,0.4,0,1,4.5,1.2,10.2,3,0,0,
734006,01/08/1961,15.2,91.7,15,25,2223.5,7.4,5.2,2.6,0.2,0.2,0,2.6,2.1,1.1,14.9,8.4,0,1,3.6,15.2,3.8,0.2,0.2,0.6,1.3,0,0,0,3.7,7.5,1.3,0.5,0,3.5,1,3.6
734006,01/07/1961,54.5,320.9,25,27,2223.5,0.2,14.6,4.3,12.7,26.7,9.4,2.4,2.9,0,0,0,12.1,8.3,28.6,0,0.3,29.3,17.9,10.9,2.7,4,12.1,5.2,14,54.5,34.2,0.6,0.2,9.9,1.4,1.5
734006,01/06/1961,109,324.9,26,22,2223.5,36.5,5.7,13.3,0.1,5.1,0,0,1.2,6.5,0.2,9.7,14,4.7,4.8,0,0,0,0,23,1.4,20.7,4.2,0,15.2,8.1,109,9.2,1.5,0,30.8,
734006,01/05/1961,51.6,276.5,13,23,2223.5,0,5.6,8.6,0,19.3,2.9,0.5,3.1,42.1,4.8,2.8,4.2,51.6,22.3,0,0,0,3.4,0,5.1,1,9.5,38.3,2.9,0,3,41.1,2.3,1.1,0,1
734006,01/04/1961,134.1,511.4,15,20,2223.5,0,1.9,0,8,13.5,0,1,18.3,20.7,0,0,0,16.8,97.1,134.1,14,12.1,0,60.8,42.4,1.2,0,0.5,3.4,0,0.9,2.4,0,5.6,56.7,
734006,01/03/1961,71,191.2,29,21,2223.5,0,0,0,0.4,0,0,0.5,0.4,0,2.8,0.6,0.7,46.1,29.4,5,0,0.5,2.6,1.2,0,0,0,2.2,2.8,2.5,8.6,8.2,4.1,71,0.2,1.4
734006,01/02/1961,23.5,57.3,6,13,2223.5,0,1.3,4.8,1.5,0,23.5,3.2,0.6,0,1.5,1.2,0,0,0,0,4.7,0,2.6,0,0,8.2,0.4,0,0,3.8,0,0,0,,,
734006,01/01/1961,76.7,273.4,23,13,2223.5,0,0,0,0,0,0,0,0,0,0,0,0,0,1,0.7,25.5,28.2,57.9,12.9,25.4,2.2,41,76.7,1.3,0,0,0.3,0,0,0.3,0
734006,01/12/1901,6.8,12,10,3,735.2,0,0,0,0,0,0,0,0,0,6.8,0,0,0,0,0,0,0,0,0,3.6,0,0,0,0,0,0,0,0,0,0,1.6
734006,01/11/1901,7.4,15.8,30,3,735.2,0,0,0,0,0,0,0,0,0,1.6,0,0,0,0,0,0,0,0,0,6.8,0,0,0,0,0,0,0,0,0,7.4,
734006,01/10/1901,33.7,33.7,10,1,735.2,0,0,0,0,0,0,0,0,0,33.7,0,0,0,0,0,0,0,0,0,0,0,0,0,0,0,0,0,0,0,0,0
734006,01/09/1901,14,25.3,30,3,735.2,0,0,0,0,0,0,0,0,0,10.1,0,0,0,0,0,0,0,0,0,1.2,0,0,0,0,0,0,0,0,0,14,
734006,01/08/1901,50.5,92.8,10,3,735.2,0,0,0,0,0,0,0,0,0,50.5,0,0,0,0,0,0,0,0,0,19.4,0,0,0,0,0,0,0,0,0,0,22.9
734006,01/07/1901,46.8,84.8,20,3,735.2,0,0,0,0,0,0,0,0,0,33.2,0,0,0,0,0,0,0,0,0,46.8,0,0,0,0,0,0,0,0,0,0,4.8
734006,01/06/1901,46,96.8,30,3,735.2,0,0,0,0,0,0,0,0,0,45.8,0,0,0,0,0,0,0,0,0,5,0,0,0,0,0,0,0,0,0,46,
734006,01/05/1901,88.2,179.8,20,3,735.2,0,0,0,0,0,0,0,0,0,22.4,0,0,0,0,0,0,0,0,0,88.2,0,0,0,0,0,0,0,0,0,0,69.2
734006,01/04/1901,14.2,32.8,10,3,735.2,0,0,0,0,0,0,0,0,0,14.2,0,0,0,0,0,0,0,0,0,12.8,0,0,0,0,0,0,0,0,0,5.8,
734006,01/03/1901,61.4,81.8,31,3,735.2,0,0,0,0,0,0,0,0,0,13.4,0,0,0,0,0,0,0,0,0,7,0,0,0,0,0,0,0,0,0,0,61.4
734006,01/02/1901,48.4,52.2,28,3,735.2,0,0,0,0,0,0,0,0,0,1,0,0,0,0,0,0,0,0,0,2.8,0,0,0,0,0,0,0,48.4,,,
734006,01/01/1901,26,27.4,31,2,735.2,0,0,0,0,0,0,0,0,0,0,0,0,0,0,0,0,0,0,1.4,0,0,0,0,0,0,0,0,0,0,0,26
734006,00:00,44.6,52,20,3,1067.3,0,0,0,0,0,0,0,0,0,1.8,0,0,0,0,0,0,0,0,0,44.6,0,0,0,0,0,0,0,0,0,5.6,0
734006,00:00,4,4.4,10,2,1067.3,0,0,0,0,0,0,0,0,0,4,0,0,0,0,0,0,0,0,0,0.4,0,0,0,0,0,0,0,0,0,0,
734006,00:00,53.6,55,10,3,1067.3,0,0,0,0,0,0,0,0,0,53.6,0,0,0,0,0,0,0,0,0,0.8,0,0,0,0,0,0,0,0,0,0.6,0
734006,00:00,59.4,98.4,10,3,1067.3,0,0,0,0,0,0,0,0,0,59.4,0,0,0,0,0,0,0,0,0,25,0,0,0,0,0,0,0,0,0,14,
734006,00:00,45.4,121,10,3,1067.3,0,0,0,0,0,0,0,0,0,45.4,0,0,0,0,0,0,0,0,0,43,0,0,0,0,0,0,0,0,0,32.6,0
734006,00:00,57,149.8,20,3,1067.3,0,0,0,0,0,0,0,0,0,44.6,0,0,0,0,0,0,0,0,0,57,0,0,0,0,0,0,0,0,0,48.2,0
734006,00:00,152.1,327.3,10,3,1067.3,0,0,0,0,0,0,0,0,0,152.1,0,0,0,0,0,0,0,0,0,104.2,0,0,0,0,0,0,0,0,0,71,
734006,00:00,0,0,1,,1067.3,0,0,0,0,0,0,0,0,0,0,0,0,0,0,0,0,0,0,0,0,0,0,0,0,0,0,0,0,0,0,0
734006,00:00,109.4,118.1,30,3,1067.3,0,0,0,0,0,0,0,0,0,1.6,0,0,0,0,0,0,0,0,0,7.1,0,0,0,0,0,0,0,0,0,109.4,
734006,00:00,20.9,22.7,30,2,1067.3,0,0,0,0,0,0,0,0,0,0,0,0,0,0,0,0,0,0,0,1.8,0,0,0,0,0,0,0,0,0,20.9,0
734006,00:00,47.5,82.9,20,3,1067.3,0,0,0,0,0,0,0,0,0,34.4,0,0,0,0,0,0,0,0,0,47.5,0,0,0,0,0,0,0,1,,,
734006,00:00,22.5,35.7,10,3,1067.3,0,0,0,0,0,0,0,0,0,22.5,0,0,0,0,0,0,0,0,0,6.4,0,0,0,0,0,0,0,0,0,6.8,0
