EstacaoCodigo,Data,Maxima,Minima,Media,DiaMaxima,DiaMinima,MediaAnual,Vazao01,Vazao02,Vazao03,Vazao04,Vazao05,Vazao06,Vazao07,Vazao08,Vazao09,Vazao10,Vazao11,Vazao12,Vazao13,Vazao14,Vazao15,Vazao16,Vazao17,Vazao18,Vazao19,Vazao20,Vazao21,Vazao22,Vazao23,Vazao24,Vazao25,Vazao26,Vazao27,Vazao28,Vazao29,Vazao30,Vazao31
38830000,07/01/22,,,,,,,,,,,,,,,,,,,,,,,,,,,,,,,,,,,,,
38830000,06/01/22,,,,,,,,,,,,,,,,,,,,,,,,,,,,,,,,,,,,,
38830000,05/01/22,2.8911,0.2548,1011,29,7,,0.7803,0.7803,0.7803,0.7803,0.7803,0.7803,0.2548,0.2548,0.2548,0.2548,0.2548,0.2548,0.7803,0.7803,0.7803,0.7803,0.7803,0.7803,0.7803,0.4904,0.4904,0.4904,0.4904,1502,1502,1502,2.3903,2.3903,2.8911,2.8911,2.6362
38830000,04/01/22,44.6301,0.7803,3078,12,5,,1502,1502,2.3903,1502,0.7803,0.7803,0.7803,0.7803,0.7803,0.7803,0.7803,44.6301,14093,3.4274,1502,1.1189,0.7803,1502,1.1189,1.1189,1502,1502,1502,1502,0.7803,0.7803,0.7803,0.7803,0.7803,0.7803,
38830000,03/01/22,16.0377,0.2548,2.3335,18,1,,0.2548,0.2548,0.2548,0.2548,0.2548,0.7803,0.7803,0.7803,0.7803,0.2548,0.2548,0.2548,0.2548,0.7803,0.7803,0.7803,10.4984,16.0377,12.2454,8.0749,3.4274,0.7803,1502,1502,1502,1502,1502,1502,1502,1502,1502
38830000,02/01/22,3.4274,0.2548,1.2171,1,26,,3.4274,2.3903,2.3903,1502,1502,1502,1502,1502,1502,0.7803,0.7803,0.7803,0.7803,0.7803,0.7803,1502,1502,1502,1502,1502,0.7803,0.7803,0.7803,0.7803,0.7803,0.2548,0.2548,0.2548,,,
38830000,01/01/22,14093,0.7803,2.7203,18,4,,1502,1.7093,1502,0.7803,0.7803,0.7803,0.7803,0.7803,0.7803,0.7803,0.7803,0.7803,0.7803,0.7803,0.7803,0.7803,13.1568,14093,5.2358,2.8911,1502,1502,1502,1502,1502,1502,1502,1502,8.8558,7.3217,5.9014
38830000,12/01/21,23.15,0.05,2.2,26,15,,1.5007,847,847,0.3554,0.3554,0.3554,0.3554,0.3554,0.3554,0.3554,0.3554,0.3554,0.3554,0.3554,0.0549,0.0549,0.0549,0.0549,0.0549,0.0549,0.0549,0.0549,0.0549,0.0549,0.0549,23.1501,23.1501,12.1898,1.1548,0.3554,0.3554
38830000,11/01/21,2.3,1.5,1.94,1,26,,2.3006,2.3006,2.3006,2.3006,2.3006,2.3006,1.8832,1.8832,1.8832,1.8832,1.8832,1.8832,1.8832,2.3006,2.3006,1.8832,1.8832,1.8832,1.8832,1.8832,1.8832,1.8832,1.8832,1.8832,1.8832,1.5007,1.5007,1.5007,1.5007,1.8832,
38830000,10/01/21,4.3,2.3,3.32,1,27,,4.2987,4.2987,4.2987,4.2987,3.7518,3236,3236,3236,3236,3236,3236,3236,3236,3236,3.7518,3.7518,3.7518,3.7518,3.7518,3236,3236,3236,3236,3236,3236,3236,2.3006,2.3006,2.3006,2.3006,2.3006
38830000,09/01/21,5.48,0,3.44,4,1,,0,0,3.7518,5.4827,1.5007,2.3006,3236,3236,3236,3236,4.2987,4.2987,3236,4.2987,4.2987,4.2987,4.2987,4.2987,4.2987,4.2987,4.2987,4.2987,4.2987,4.2987,3236,3236,3236,3236,1.8832,3236,
38830000,08/01/21,0,0,0,0,1,,0,0,0,0,0,0,0,0,0,0,0,0,0,0,0,0,0,0,0,0,0,0,0,0,0,0,0,0,0,0,0
38830000,07/01/21,0,0,0,0,1,,0,0,0,0,0,0,0,0,0,0,0,0,0,0,0,0,0,0,0,0,0,0,0,0,0,0,0,0,0,0,0
38830000,06/01/21,0,0,0,0,1,,0,0,0,0,0,0,0,0,0,0,0,0,0,0,0,0,0,0,0,0,0,0,0,0,0,0,0,0,0,0,
38830000,05/01/21,0,0,0,0,1,,0,0,0,0,0,0,0,0,0,0,0,0,0,0,0,0,0,0,0,0,0,0,0,0,0,0,0,0,0,0,0
38830000,04/01/21,0,0,0,0,1,,0,0,0,0,0,0,0,0,0,0,0,0,0,0,0,0,0,0,0,0,0,0,0,0,0,0,0,0,0,0,
38830000,03/01/21,0,0,0,0,1,,0,0,0,0,0,0,0,0,0,0,0,0,0,0,0,0,0,0,0,0,0,0,0,0,0,0,0,0,0,0,0
38830000,02/01/21,0,0,0,0,1,,0,0,0,0,0,0,0,0,0,0,0,0,0,0,0,0,0,0,0,0,0,0,0,0,0,0,0,0,,,
38830000,01/01/21,0,0,0,0,1,,0,0,0,0,0,0,0,0,0,0,0,0,0,0,0,0,0,0,0,0,0,0,0,0,0,0,0,0,0,0,0
38830000,12/01/20,0,0,0,0,1,,0,0,0,0,0,0,0,0,0,0,0,0,0,0,0,0,0,0,0,0,0,0,0,0,0,0,0,0,0,0,0
38830000,11/01/20,0,0,0,0,1,,0,0,0,0,0,0,0,0,0,0,0,0,0,0,0,0,0,0,0,0,0,0,0,0,0,0,0,0,0,0,
38830000,10/01/20,0,0,0,0,1,,0,0,0,0,0,0,0,0,0,0,0,0,0,0,0,0,0,0,0,0,0,0,0,0,0,0,0,0,0,0,0
38830000,09/01/20,0,0,0,0,1,,0,0,0,0,0,0,0,0,0,0,0,0,0,0,0,0,0,0,0,0,0,0,0,0,0,0,0,0,0,0,
38830000,08/01/20,0,0,0,0,1,,0,0,0,0,0,0,0,0,0,0,0,0,0,0,0,0,0,0,0,0,0,0,0,0,0,0,0,0,0,0,0
38830000,07/01/20,0,0,0,0,1,,0,0,0,0,0,0,0,0,0,0,0,0,0,0,0,0,0,0,0,0,0,0,0,0,0,0,0,0,0,0,0
38830000,06/01/20,1.88,0,0.07,1,3,,1.8832,0.1784,0,0,0,0,0,0,0,0,0,0,0,0,0,0,0,0,0,0,0,0,0,0,0,0,0,0,0,0,
38830000,05/01/20,49.92,0,10.29,3,13,,41.0176,36.8405,49.9176,43.9043,36.8405,25.4437,19.8789,14.8921,11339,5.4827,1.5007,0.1784,0,0,0,0,0,0,0,0,0,0,0,0,0,0,0,11339,11339,6.7827,2.3006
38830000,04/01/20,64.59,0,10.84,26,7,,4.8759,2.3006,847,0.5796,0.1784,0.0549,0,0,0,0,0,0,0,0,0,0,0,0,0,0,0.5796,2.7519,8.9411,14.8921,27.8258,64.5867,51.4704,48.3846,53.0426,43.9043,
38830000,03/01/20,326.31,0,32.56,19,10,,1.1548,16.8157,20.9465,6.7827,3.7518,11339,3236,8.1944,10.5137,0,0,2.3006,8.9411,0.1784,0,108.8479,80.7767,110.9833,326312,66.3117,27.8258,69.8175,20.9465,18.8344,18.8344,19.8789,15.8419,9.7143,4.2987,12.1898,3.7518
38830000,02/01/20,96.4,0,4.05,2,1,,0,96.3967,11339,0,9.7143,0,0,0,0,0,0,0,0,0,0,0,0,0,0,0,0,0,0,0,0,0,0,0,0,,
38830000,01/01/20,0,0,0,0,1,,0,0,0,0,0,0,0,0,0,0,0,0,0,0,0,0,0,0,0,0,0,0,0,0,0,0,0,0,0,0,0
38830000,12/01/19,0,0,0,0,1,,0,0,0,0,0,0,0,0,0,0,0,0,0,0,0,0,0,0,0,0,0,0,0,0,0,0,0,0,0,0,0
38830000,11/01/19,0,0,0,0,1,,0,0,0,0,0,0,0,0,0,0,0,0,0,0,0,0,0,0,0,0,0,0,0,0,0,0,0,0,0,0,
38830000,10/01/19,0,0,0,0,1,,0,0,0,0,0,0,0,0,0,0,0,0,0,0,0,0,0,0,0,0,0,0,0,0,0,0,0,0,0,0,0
38830000,09/01/19,0,0,0,0,1,,0,0,0,0,0,0,0,0,0,0,0,0,0,0,0,0,0,0,0,0,0,0,0,0,0,0,0,0,0,0,
38830000,08/01/19,0,0,0,0,1,,0,0,0,0,0,0,0,0,0,0,0,0,0,0,0,0,0,0,0,0,0,0,0,0,0,0,0,0,0,0,0
38830000,07/01/19,0,0,0,0,1,,0,0,0,0,0,0,0,0,0,0,0,0,0,0,0,0,0,0,0,0,0,0,0,0,0,0,0,0,0,0,0
38830000,06/01/19,0,0,0,0,1,,0,0,0,0,0,0,0,0,0,0,0,0,0,0,0,0,0,0,0,0,0,0,0,0,0,0,0,0,0,0,
38830000,05/01/19,99.57,0,12.18,16,2,,4.4622,0,0,0,0,0,0,0,59.2292,23.9043,19.7149,19.7149,17.7154,16.7407,15783,99573,57.7943,27.2042,8.0102,2.1351,0,0,0,0,4.4622,1.1894,0,0,0,0,0
38830000,04/01/19,62.84,0,10.63,13,4,,14.8429,5805,1.1894,0,0,0,36.6134,21.7787,8792,5805,3.2337,27.2042,62.8361,37.8484,34.1816,29.4754,17.7154,8.0102,1.1894,1.1894,0.7853,0.4375,0,0,0,0,0,0,0,0,
38830000,03/01/19,56.39,0,9.7,19,4,,3.2337,2.1351,1.1894,0,0,0,0,0,0,0,0,0,0,0,0,10.4208,6.5158,0,56.3861,11.2664,2.1351,50.8615,42.9118,36.6134,26.0897,17.7154,10.4208,0,0,0,22.8339
38830000,02/01/19,107.26,0,24.66,16,1,,0,0,0,0,2.1351,71.4808,48.1657,10.4208,1.1894,0,0,0,0,97.0941,23.9043,107262,73.5037,40.3557,52.2262,32.9851,23.9043,11.2664,2.1351,1.1894,0.4375,0,60.1176,30.6318,,,
38830000,01/01/19,0,0,0,0,1,,0,0,0,0,0,0,0,0,0,0,0,0,0,0,0,0,0,0,0,0,0,0,0,0,0,0,0,0,0,0,0
38830000,12/01/18,0,0,0,0,1,,0,0,0,0,0,0,0,0,0,0,0,0,0,0,0,0,0,0,0,0,0,0,0,0,0,0,0,0,0,0,0
38830000,11/01/18,0,0,0,0,1,,0,0,0,0,0,0,0,0,0,0,0,0,0,0,0,0,0,0,0,0,0,0,0,0,0,0,0,0,0,0,
38830000,10/01/18,0,0,0,0,1,,0,0,0,0,0,0,0,0,0,0,0,0,0,0,0,0,0,0,0,0,0,0,0,0,0,0,0,0,0,0,0
38830000,09/01/18,0,0,0,0,1,,0,0,0,0,0,0,0,0,0,0,0,0,0,0,0,0,0,0,0,0,0,0,0,0,0,0,0,0,0,0,
38830000,08/01/18,0,0,0,0,1,,0,0,0,0,0,0,0,0,0,0,0,0,0,0,0,0,0,0,0,0,0,0,0,0,0,0,0,0,0,0,0
38830000,07/01/18,,,2.1918,,,,0,0,0,0,0,0,0,0,0,0,0,0,0,,0,0,0,0,0,0,0,0,0,0,0,0,0,0,0,0,0
38830000,06/01/18,1.19,0,0.05,1,3,,1.1894,0.1609,0,0,0,0,0,0,0,0,0,0,0,0,0,0,0,0,0,0,0,0,0,0,0,0,0,0,0,0,
38830000,05/01/18,36.61,0,8.31,14,1,,0,0,0,0,0,0,0,0,0,0,0,0,0,36.6134,0,0,0,11.2664,8.0102,19.7149,19.7149,21.7787,22.8339,30.6318,27.2042,24.9897,15783,7.2512,5805,3.8328,2.1351
38830000,04/01/18,92.26,0,32.11,15,4,,62.8361,59.2292,17.7154,0,0,57.7943,69.4953,62.8361,84.1925,63.7602,67.5469,54.9886,56.3861,56.3861,92.2605,68.5165,45.5155,29.4754,12132,2.1351,0,0,0,0,0,0,0,0,0,0,
38830000,03/01/18,183.46,0,22.69,3,12,,3.8328,1.1894,183.4639,109.9104,60.1176,61.0149,50.8615,44.2077,26.0897,11.2664,2.1351,0,0,0,0,0,0,0,0,0,0,0,0,0,0,0,23.9043,17.7154,11.2664,24.9897,71.4808
38830000,02/01/18,50.86,0,5.86,24,1,,0,0,0,0,0,0,0,0,0,0,0,0,0,0,0,0.7853,0,0,0,0,0,0,40.3557,50.8615,50.8615,10.4208,5805,5.1201,,,
38830000,01/01/18,9.6,0,1.94,12,16,,2.1351,1.6412,2.1351,2.1351,1.1894,1.1894,1.1894,2.1351,2.1351,2667,2.1351,9.5958,9.5958,8.0102,9.5958,0,0,0,0,2667,0,0,0,0,0,0,0,0,0,0,0
38830000,12/01/17,50.03,0,14.89,25,26,,12.5318,16.9673,11.5104,6956,6.1603,5.0424,4.6905,4.3491,4.3491,3.3897,3092,2531,4.0184,7.3686,7.3686,7.3686,31.8727,31.1133,29.6173,30.3615,31.1133,31.1133,30.3615,29.6173,50.0275,0,22.8339,19.7149,10.4208,4.4622,1.1894
38830000,11/01/17,8.66,3.7,5.03,30,1,,3.6985,4.0184,4.6905,5.0424,4.3491,3.6985,3.6985,4.6905,5.0424,5.4048,3.6985,4.0184,4.3491,4.3491,4.3491,5.0424,5.0424,5.0424,5.0424,5.0424,5.0424,5.0424,5.0424,5.4048,5.7774,5.7774,5.7774,6.5531,7.3686,8.6647,
38830000,10/01/17,10.05,1.55,6.18,13,26,,3.6985,4.6905,6.1603,6956,7791,8.2231,7791,7.3686,6.5531,6956,8.2231,9.1158,10046,10046,9.5763,10046,9.1158,8.2231,8.2231,7.3686,5.0424,3.3897,3.3897,2.8057,1.7782,1552,2017,4.0184,4.0184,3.6985,3.6985
38830000,09/01/17,4.35,0.95,2.41,22,5,,2.8057,2268,1552,1.1384,0.9517,1.1384,2017,2531,2531,2.8057,2531,2531,2.8057,3092,2531,2017,1552,1552,1552,2017,3092,4.3491,4.0184,3092,2268,2017,2017,3092,3.3897,3092,
38830000,08/01/17,4.35,3.09,3.68,10,7,,3.3897,3.6985,3.6985,3.6985,3.6985,3.6985,3092,3.6985,3.6985,4.3491,4.3491,4.3491,3.6985,3.6985,3.6985,3.6985,3.6985,4.3491,4.3491,4.3491,4.0184,3.6985,3.6985,3.3897,3.6985,3092,3092,3092,3092,3092,3092
38830000,07/01/17,7.37,2.02,3.62,1,7,,7.3686,5.7774,5.4048,4.3491,2.8057,2531,2017,2017,2017,2531,2268,2531,3.3897,3.6985,3.6985,3.3897,3092,3092,3092,3.6985,3.6985,3.6985,3.6985,4.0184,3.6985,4.3491,4.3491,4.3491,4.3491,3.6985,3.6985
38830000,06/01/17,19.39,0,9.64,8,18,,12.5318,12.0166,13.5887,14.6805,14.6805,16.9673,18.1614,19.3887,18.7709,17.5602,15.2394,14.6805,13.5887,2017,3.6985,1.1384,0.0227,0,0,2531,7791,7791,10046,9.1158,8.6647,7.3686,6.1603,7.3686,6.1603,7.3686,
38830000,05/01/17,29.62,10.05,20.01,25,24,,21.9415,25.3131,23.2664,24623,25.3131,28.1517,21.9415,23.2664,23.2664,21.9415,20.6489,16.9673,16.3829,18.1614,17.5602,16.9673,15.8069,12.0166,18.1614,18.1614,19.3887,16.3829,12.0166,10046,29.6173,28.8807,17.5602,29.6173,15.8069,15.8069,15.2394
38830000,04/01/17,39.04,0,11.7,23,1,,0,0,0,0,0,0,0,0.0227,9.5763,7.3686,9.1158,9.1158,8.6647,8.2231,7.3686,10525,9.5763,20.6489,15.2394,23.9407,24623,23.2664,39.0421,18.1614,15.8069,10525,18.1614,20.6489,20.6489,20.6489,
38830000,03/01/17,422.75,0,15.76,12,1,,0,0,0,0,0,0,0,0,0,0,0,422.7472,0.0738,65.6354,0,0,0,0,0,0,0,0,0,0,0,0,0,0,0,0,0
38830000,02/01/17,0,0,0,0,1,,0,0,0,0,0,0,0,0,0,0,0,0,0,0,0,0,0,0,0,0,0,0,0,0,0,0,0,0,,,
38830000,01/01/17,0,0,0,0,1,,0,0,0,0,0,0,0,0,0,0,0,0,0,0,0,0,0,0,0,0,0,0,0,0,0,0,0,0,0,0,0
38830000,12/01/16,0,0,0,0,1,,0,0,0,0,0,0,0,0,0,0,0,0,0,0,0,0,0,0,0,0,0,0,0,0,0,0,0,0,0,0,0
38830000,11/01/16,0,0,0,0,1,,0,0,0,0,0,0,0,0,0,0,0,0,0,0,0,0,0,0,0,0,0,0,0,0,0,0,0,0,0,0,
38830000,10/01/16,0,0,0,0,1,,0,0,0,0,0,0,0,0,0,0,0,0,0,0,0,0,0,0,0,0,0,0,0,0,0,0,0,0,0,0,0
38830000,09/01/16,0,0,0,0,1,,0,0,0,0,0,0,0,0,0,0,0,0,0,0,0,0,0,0,0,0,0,0,0,0,0,0,0,0,0,0,
38830000,08/01/16,0,0,0,0,1,,0,0,0,0,0,0,0,0,0,0,0,0,0,0,0,0,0,0,0,0,0,0,0,0,0,0,0,0,0,0,0
38830000,07/01/16,0,0,0,0,1,,0,0,0,0,0,0,0,0,0,0,0,0,0,0,0,0,0,0,0,0,0,0,0,0,0,0,0,0,0,0,0
38830000,06/01/16,0,0,0,0,1,,0,0,0,0,0,0,0,0,0,0,0,0,0,0,0,0,0,0,0,0,0,0,0,0,0,0,0,0,0,0,
38830000,05/01/16,0,0,0,0,1,,0,0,0,0,0,0,0,0,0,0,0,0,0,0,0,0,0,0,0,0,0,0,0,0,0,0,0,0,0,0,0
38830000,04/01/16,0,0,0,0,1,,0,0,0,0,0,0,0,0,0,0,0,0,0,0,0,0,0,0,0,0,0,0,0,0,0,0,0,0,0,0,
38830000,03/01/16,5.76,0,1.53,1,20,,5.7591,4.9276,4.9276,4.4161,4.4161,3.9381,3.4927,3.0791,2.6966,2.1791,1.5896,1.4595,1.1084,0.8138,0.6471,0.6471,0.5722,0.4388,0.2329,0,0,0,0,0,0,0,0,0,0,0,0
38830000,02/01/16,104.66,0,9.28,14,1,,0,0,0,0,0,0,0,0,0,0,0,0,0,104.6566,28.9431,14.4188,10.7281,8.3712,6.9917,14.0696,9.5056,7.6627,6.9917,6.3574,17.3231,11.1555,8.3712,7.3225,6.3574,,
38830000,01/01/16,0,0,0,0,1,,0,0,0,0,0,0,0,0,0,0,0,0,0,0,0,0,0,0,0,0,0,0,0,0,0,0,0,0,0,0,0
38830000,12/01/15,0,0,0,0,1,,0,0,0,0,0,0,0,0,0,0,0,0,0,0,0,0,0,0,0,0,0,0,0,0,0,0,0,0,0,0,0
38830000,11/01/15,0,0,0,0,1,,0,0,0,0,0,0,0,0,0,0,0,0,0,0,0,0,0,0,0,0,0,0,0,0,0,0,0,0,0,0,
38830000,10/01/15,0,0,0,0,1,,0,0,0,0,0,0,0,0,0,0,0,0,0,0,0,0,0,0,0,0,0,0,0,0,0,0,0,0,0,0,0
38830000,09/01/15,0,0,0,0,1,,0,0,0,0,0,0,0,0,0,0,0,0,0,0,0,0,0,0,0,0,0,0,0,0,0,0,0,0,0,0,
38830000,08/01/15,0,0,0,0,1,,0,0,0,0,0,0,0,0,0,0,0,0,0,0,0,0,0,0,0,0,0,0,0,0,0,0,0,0,0,0,0
38830000,07/01/15,0,0,0,0,1,,0,0,0,0,0,0,0,0,0,0,0,0,0,0,0,0,0,0,0,0,0,0,0,0,0,0,0,0,0,0,0
38830000,06/01/15,0,0,0,0,1,,0,0,0,0,0,0,0,0,0,0,0,0,0,0,0,0,0,0,0,0,0,0,0,0,0,0,0,0,0,0,
38830000,05/01/15,0,0,0,0,1,,0,0,0,0,0,0,0,0,0,0,0,0,0,0,0,0,0,0,0,0,0,0,0,0,0,0,0,0,0,0,0
38830000,04/01/15,65.64,0,25.92,8,1,,0,0,0,0,0,0,0,65.6354,61.9211,58.3496,54.0895,51.2667,50.1532,46867,44722,43.6635,41.5744,40544,39.0164,36.5186,35.0493,30776,28.4913,25.4029,23.6972,0,0,0,0,0,
38830000,03/01/15,6.36,0,1.99,3,27,,4.9276,5.4732,6.3574,5.7591,5.4732,5.7591,5.4732,4.6676,3282,2.3442,2.5167,2.1791,1.7266,1.1084,0.9059,0.7275,0.6471,0.7275,0.4388,0.3799,0.2329,0.1579,0.1579,0.0998,0.0569,0.0406,0,0,0,0,0
38830000,02/01/15,100.83,0,5.8,3,1,,0,0,100.8281,5.1961,4173,3.4927,2884,2.1791,1.8704,1.3359,0.9059,0.7275,0.5722,0.5028,2.1791,3.0791,4.6676,2.1791,1.7266,2.6966,7.3225,5.1961,3.9381,0.0998,0.0275,0.0017,1.7266,2884,,,
38830000,01/01/15,0,0,0,0,1,,0,0,0,0,0,0,0,0,0,0,0,0,0,0,0,0,0,0,0,0,0,0,0,0,0,0,0,0,0,0,0
38830000,12/01/14,0,0,0,1,1,,0,0,0,0,0,0,0,0,0,0,0,0,0,0,0,0,0,0,0,0,0,0,0,0,0,0,0,0,0,0,0
38830000,11/01/14,15.1264,0,1.6312,18,1,,0,0,0,0,0,0,0,0,0,0,0,0,0,0,0,0,0,15.1264,7.6627,5.7591,5.1961,4.6676,3.7114,2884,2.0212,1.3359,0.5722,0,0,0,
38830000,10/01/14,11.5931,0,1.7203,5,1,,0,0,0,0,11.5931,7.6627,5.4732,4173,3.7114,3282,2.5167,2.0212,1.7266,1.7266,1.2189,2.1791,1.8704,1.5896,1.1084,0.9059,0.5722,0,0,0,0,0,0,0,0,0,0
38830000,09/01/14,0,0,0,1,1,,0,0,0,0,0,0,0,0,0,0,0,0,0,0,0,0,0,0,0,0,0,0,0,0,0,0,0,0,0,0,
38830000,08/01/14,0,0,0,1,1,,0,0,0,0,0,0,0,0,0,0,0,0,0,0,0,0,0,0,0,0,0,0,0,0,0,0,0,0,0,0,0
38830000,07/01/14,0,0,0,1,1,,0,0,0,0,0,0,0,0,0,0,0,0,0,0,0,0,0,0,0,0,0,0,0,0,0,0,0,0,0,0,0
38830000,06/01/14,15.1264,0,2.4274,1,28,,15.1264,6.0538,5.7591,4173,4173,3.7114,3.7114,3282,2.5167,2.1791,1.8704,1.5896,1.3359,2.5167,2.5167,2.3442,2.0212,1.5896,1.3359,0.9059,0.7275,0.4388,0.3261,0.2329,0.4388,0.7275,1.2189,0,0,0,
38830000,05/01/14,32.1777,1.5896,7.2919,30,23,,18.0794,15.1264,10.3107,9.9032,9.9032,8.7397,9.5056,8.0122,12.0408,6.67,5.7591,5.1961,4173,4.6676,3.7114,3.4927,3.0791,2884,3282,3282,2.5167,2.0212,1.5896,2.1791,2.1791,2.0212,2.3442,2.1791,1.8704,32.1777,27.1518
38830000,04/01/14,111.2507,0.2771,12.9873,28,27,0,1.7266,3.0791,2.5167,2.6966,2884,2884,3.7114,42.0931,18.0794,18.0794,17.3231,14.4188,10.7281,2884,2.1791,1.8704,2.0212,2884,2.1791,1.7266,1.3359,1.1084,0.9059,0.7275,0.5028,0.3799,0.2771,111.2507,73.5037,43.6635,
38830000,03/01/14,0,0,0,1,1,,0,0,0,0,0,0,0,0,0,0,0,0,0,0,0,0,0,0,0,0,0,0,0,0,0,0,0,0,0,0,0
38830000,02/01/14,114.6025,0,5503,18,1,,0,0,0,0,0,0,0,0,0,0,0,0,0,0,0,0,0,114.6025,15.1264,10.3107,3.4927,2.5167,2.1791,1.8704,1.3359,1.1084,0.8138,0.7275,,,
38830000,01/01/14,0.6471,0,0.0697,3,5,,0.5722,0.5028,0.6471,0.4388,0,0,0,0,0,0,0,0,0,0,0,0,0,0,0,0,0,0,0,0,0,0,0,0,0,0,0
38830000,12/01/13,33.1249,0,1.8036,21,1,,0,0,0,0,0,0,0,0,0,0,0,0,0,0,0,0,0,0,0,0,33.1249,5.7591,2884,2.1791,3.0791,2.1791,2.0212,1.3359,1.3359,1.1084,0.9059
38830000,11/01/13,0,0,0,1,1,,0,0,0,0,0,0,0,0,0,0,0,0,0,0,0,0,0,0,0,0,0,0,0,0,0,0,0,0,0,0,
38830000,10/01/13,0,0,0,1,1,,0,0,0,0,0,0,0,0,0,0,0,0,0,0,0,0,0,0,0,0,0,0,0,0,0,0,0,0,0,0,0
38830000,09/01/13,0,0,0,1,1,,0,0,0,0,0,0,0,0,0,0,0,0,0,0,0,0,0,0,0,0,0,0,0,0,0,0,0,0,0,0,
38830000,08/01/13,0,0,0,1,1,,0,0,0,0,0,0,0,0,0,0,0,0,0,0,0,0,0,0,0,0,0,0,0,0,0,0,0,0,0,0,0
38830000,07/01/13,0,0,0,1,1,,0,0,0,0,0,0,0,0,0,0,0,0,0,0,0,0,0,0,0,0,0,0,0,0,0,0,0,0,0,0,0
38830000,06/01/13,0,0,0,1,1,,0,0,0,0,0,0,0,0,0,0,0,0,0,0,0,0,0,0,0,0,0,0,0,0,0,0,0,0,0,0,
38830000,05/01/13,0,0,0,1,1,,0,0,0,0,0,0,0,0,0,0,0,0,0,0,0,0,0,0,0,0,0,0,0,0,0,0,0,0,0,0,0
38830000,04/01/13,0,0,0,1,1,,0,0,0,0,0,0,0,0,0,0,0,0,0,0,0,0,0,0,0,0,0,0,0,0,0,0,0,0,0,0,
38830000,03/01/13,0,0,0,1,1,,0,0,0,0,0,0,0,0,0,0,0,0,0,0,0,0,0,0,0,0,0,0,0,0,0,0,0,0,0,0,0
38830000,02/01/13,0,0,0,1,1,,0,0,0,0,0,0,0,0,0,0,0,0,0,0,0,0,0,0,0,0,0,0,0,0,0,0,0,0,,,
38830000,01/01/13,0,0,0,1,1,,0,0,0,0,0,0,0,0,0,0,0,0,0,0,0,0,0,0,0,0,0,0,0,0,0,0,0,0,0,0,0
38830000,12/01/12,0,0,0,1,1,,0,0,0,0,0,0,0,0,0,0,0,0,0,0,0,0,0,0,0,0,0,0,0,0,0,0,0,0,0,0,0
38830000,11/01/12,0,0,0,1,1,,0,0,0,0,0,0,0,0,0,0,0,0,0,0,0,0,0,0,0,0,0,0,0,0,0,0,0,0,0,0,
38830000,10/01/12,0,0,0,1,1,,0,0,0,0,0,0,0,0,0,0,0,0,0,0,0,0,0,0,0,0,0,0,0,0,0,0,0,0,0,0,0
38830000,09/01/12,0,0,0,1,1,,0,0,0,0,0,0,0,0,0,0,0,0,0,0,0,0,0,0,0,0,0,0,0,0,0,0,0,0,0,0,
38830000,08/01/12,0,0,0,1,1,,0,0,0,0,0,0,0,0,0,0,0,0,0,0,0,0,0,0,0,0,0,0,0,0,0,0,0,0,0,0,0
38830000,07/01/12,0,0,0,1,1,,0,0,0,0,0,0,0,0,0,0,0,0,0,0,0,0,0,0,0,0,0,0,0,0,0,0,0,0,0,0,0
38830000,06/01/12,0,0,0,1,1,,0,0,0,0,0,0,0,0,0,0,0,0,0,0,0,0,0,0,0,0,0,0,0,0,0,0,0,0,0,0,
38830000,05/01/12,0,0,0,1,1,,0,0,0,0,0,0,0,0,0,0,0,0,0,0,0,0,0,0,0,0,0,0,0,0,0,0,0,0,0,0,0
38830000,04/01/12,0,0,0,1,1,,0,0,0,0,0,0,0,0,0,0,0,0,0,0,0,0,0,0,0,0,0,0,0,0,0,0,0,0,0,0,
38830000,03/01/12,0,0,0,1,1,,0,0,0,0,0,0,0,0,0,0,0,0,0,0,0,0,0,0,0,0,0,0,0,0,0,0,0,0,0,0,0
38830000,02/01/12,0,0,0,1,1,,0,0,0,0,0,0,0,0,0,0,0,0,0,0,0,0,0,0,0,0,0,0,0,0,0,0,0,0,0,,
38830000,01/01/12,44.7221,0,2.2276,19,1,,0,0,0,0,0,0,0,0,0,0,0,0,0,0,0,0,0,0,44.7221,19236,2.0212,1.5896,1.0041,0.3799,0.0998,0.0017,0,0,0,0,0
38830000,12/01/11,0,0,0,1,1,,0,0,0,0,0,0,0,0,0,0,0,0,0,0,0,0,0,0,0,0,0,0,0,0,0,0,0,0,0,0,0
38830000,11/01/11,0,0,0,1,1,,0,0,0,0,0,0,0,0,0,0,0,0,0,0,0,0,0,0,0,0,0,0,0,0,0,0,0,0,0,0,
38830000,10/01/11,0,0,0,1,1,,0,0,0,0,0,0,0,0,0,0,0,0,0,0,0,0,0,0,0,0,0,0,0,0,0,0,0,0,0,0,0
38830000,09/01/11,0,0,0,1,1,,0,0,0,0,0,0,0,0,0,0,0,0,0,0,0,0,0,0,0,0,0,0,0,0,0,0,0,0,0,0,
38830000,08/01/11,2.3442,0,0.9706,8,28,,2.1791,1.8704,1.8704,1.7266,1.8704,1.7266,2.0212,2.3442,1.7266,1.3359,1.0041,1.0041,0.9059,0.8138,0.6471,0.6471,0.6471,0.7275,0.8138,0.9059,0.9059,0.9059,0.7275,0.5028,0.1932,0.0569,0.0099,0,0,0,0
38830000,07/01/11,6.67,0.1579,2.7369,11,3,,0.2771,0.1932,0.1579,0.4388,0.9059,2884,4.9276,5.1961,6.3574,6.3574,6.67,5.7591,5.4732,5.7591,5.1961,4173,4173,3.4927,2.1791,2.0212,1.7266,1.7266,1.4595,1.2189,1.1084,0.9059,0.7275,0.6471,0.5028,0.5028,1.7266
38830000,06/01/11,7.6627,0.3261,2.9107,1,30,,7.6627,6.67,5.7591,5.1961,4.9276,4.4161,4.6676,4173,3.7114,3.7114,3.4927,3.7114,3282,2884,3.0791,2.6966,2.5167,2.1791,2.0212,1.8704,1.4595,1.3359,1.3359,1.0041,0.9059,0.7275,0.6471,0.5722,0.3799,0.3261,
38830000,05/01/11,211.0391,6.67,45.6412,3,1,0,6.67,193.0175,211.0391,179.7326,128.1941,89905,56.6166,12.0408,23.2777,29.8544,30776,28.9431,23.2777,8.0122,15.4849,19236,32.1777,32.1777,44.1916,34.5644,33.6022,34.5644,37.0133,19236,13.0412,16.5787,15.8465,14.4188,12.7048,10.3107,8.3712
38830000,04/01/11,11.5931,0.2329,2.7038,4,24,,6.3574,5.1961,5.1961,11.5931,9.1178,8.0122,6.67,2.1791,1.8704,1.5896,1.2189,1.0041,1.3359,1.5896,1.5896,1.3359,1.1084,0.9059,0.7275,0.5028,0.7275,0.4388,0.3261,0.2329,1.4595,1.8704,1.5896,1.3359,1.3359,2.6966,
38830000,03/01/11,78.7272,0.3261,19.5048,2,23,0,72.4875,78.7272,54.0894,44.1916,34.0821,21.2214,12.0408,7.3225,5.4732,13.0412,23.2777,14771,13.0412,8.3712,10.7281,5.7591,4.6676,4173,3282,2884,0.9059,0.4388,0.3261,16.9494,38512,12.0408,47.9533,25.4029,11.5931,9.9032,6.9917
38830000,02/01/11,111.2507,1.1084,27.2175,14,3,0,1.5896,1.3359,1.1084,11.5931,14.4188,13.0412,11.1555,10.7281,9.9032,5.1961,2.1791,1.3359,1.1084,111.2507,37.0133,13.0412,12.0408,9.9032,7.6627,26.7106,63.7602,52.9537,75.5644,61.0149,42.0931,23.2777,87.59,53.5204,,,
38830000,01/01/11,30.3139,0,3.1595,22,1,,0,0,0,0,0,0,0,0,0,0,0,0,0,0,0,0,0,0,0,0,0,30.3139,15.8465,15.4849,7.6627,7.3225,6.3574,5.7591,3.9381,3.0791,2.1791
38830000,12/01/10,0,0,0,1,1,,0,0,0,0,0,0,0,0,0,0,0,0,0,0,0,0,0,0,0,0,0,0,0,0,0,0,0,0,0,0,0
38830000,11/01/10,5.7591,0,1.0373,1,22,,5.7591,5.1961,4.6676,3.7114,2884,2.1791,1.3359,0.9059,0.7275,0.6471,0.5722,0.5028,0.4388,0.4388,0.3799,0.3261,0.1932,0.1579,0.0569,0.0275,0.0099,0,0,0,0,0,0,0,0,0,
38830000,10/01/10,75.5644,0,6.3954,24,1,0,0,0,0,0,0,0,0,0,0,0,0,0,0,0,0,0,0,0,0,0,0,0,0,75.5644,57.4787,19236,11.5931,9.9032,9.1178,8.3712,6.9917
38830000,09/01/10,0,0,0,1,1,,0,0,0,0,0,0,0,0,0,0,0,0,0,0,0,0,0,0,0,0,0,0,0,0,0,0,0,0,0,0,
38830000,08/01/10,0.3261,0,0.0415,8,17,,0.0998,0.1932,0.0765,0.0569,0.0569,0.0406,0.1268,0.3261,0.1579,0.0765,0.0275,0.0275,0.0099,0.0017,0.0017,3.00E-04,0,0.0017,0.0017,0.0017,0,0,0,0,0,0,0,0,0,0,0
38830000,07/01/10,2.5167,0,0.8734,5,2,0,0.0017,0,0,0,2.5167,2.1791,2.0212,1.5896,1.5896,1.4595,1.5896,1.3359,1.1084,1.1084,1.3359,1.1084,0.9059,0.8138,0.6471,1.3359,0.9059,0.7275,0.5722,0.5028,0.5722,0.4388,0.2771,0.1579,0.1579,0.0765,0.0406
38830000,06/01/10,33.6022,0,4.7302,29,1,0,0,0,0,0,0,0,0,0,0,0,0,0,0,0,0,0,0,12.0408,11.1555,10.3107,9.9032,8.7397,8.0122,7.3225,6.67,4.4161,10.7281,18.8475,33.6022,0.1579,
38830000,05/01/10,0.1932,0,0.0198,1,7,,0.1932,0.1579,0.1268,0.0998,0.0275,0.0099,0,0,0,0,0,0,0,0,0,0,0,0,0,0,0,0,0,0,0,0,0,0,0,0,0
38830000,04/01/10,65.6354,0.1579,6.3323,10,1,0,0.1579,0.5028,1.1084,2.3442,2.5167,2.1791,2.1791,2.5167,2.3442,65.6354,44.1916,18.8475,7.6627,7.3225,5.4732,3.9381,3.4927,2884,2.5167,2.1791,1.8704,1.5896,1.4595,1.2189,1.1084,0.9059,0.7275,0.4388,0.3799,0.2771,
38830000,03/01/10,61.9211,0,6.8341,29,1,0,0,0,0,0,0,0,0,0,0,0,0,0,0,0,0,0,0,0,9.9032,15.8465,23.2777,24.5446,0,0,42.0931,23.2777,8.0122,2.0212,61.9211,0.7275,0.2329
38830000,02/01/10,0.0998,0,0.0049,1,4,,0.0998,0.0275,0.0099,0,0,0,0,0,0,0,0,0,0,0,0,0,0,0,0,0,0,0,0,0,0,0,0,0,,,
38830000,01/01/10,27.1518,0.1579,5.2974,1,31,0,27.1518,5.4732,2884,1.5896,10.7281,9.9032,9.1178,8.7397,8.3712,7.6627,6.67,6.3574,8.3712,8.3712,7.6627,6.3574,5.7591,4.6676,3.7114,3282,2.1791,1.8704,1.7266,1.4595,1.2189,1.1084,0.7275,0.3799,0.3261,0.2329,0.1579
38830000,12/01/09,0,0,0,1,1,,0,0,0,0,0,0,0,0,0,0,0,0,0,0,0,0,0,0,0,0,0,0,0,0,0,0,0,0,0,0,0
38830000,11/01/09,0,0,0,1,1,,0,0,0,0,0,0,0,0,0,0,0,0,0,0,0,0,0,0,0,0,0,0,0,0,0,0,0,0,0,0,
38830000,10/01/09,0.0406,0,0.0067,3,10,,0.0275,0.0275,0.0406,0.0275,0.0174,0.0275,0.0275,0.0099,0.0017,0,0,0,0,0,0,0,0,0,0,0,0,0,0,0,0,0,0,0,0,0,0
38830000,09/01/09,1.1084,0.0569,0.5614,16,3,,0.1579,0.1268,0.0569,0.1579,0.5028,0.9059,0.9059,0.7275,0.9059,0.8138,1.0041,0.9059,0.9059,1.0041,1.0041,1.1084,0.9059,0.8138,0.7275,0.5722,0.5028,0.4388,0.4388,0.3261,0.2771,0.1932,0.1932,0.1268,0.0765,0.0569,
38830000,08/01/09,4.6676,0.3261,1.6575,4,31,,1.8704,1.5896,1.4595,4.6676,0.9059,0.9059,1.5896,1.3359,1.3359,3282,2.6966,2884,4173,2.5167,2.1791,1.5896,1.4595,1.1084,0.9059,1.1084,0.9059,0.8138,0.5722,2.1791,2.1791,1.5896,1.3359,0.9059,0.5722,0.4388,0.3261
38830000,07/01/09,64.6932,2.1791,13.1636,22,30,0,10.7281,11.1555,12.0408,15.1264,14.0696,13.0412,11.5931,9.1178,7.6627,6.9917,6.3574,5.1961,4.6676,4173,3.7114,3.4927,2884,2884,2.5167,43.6635,49.5998,64.6932,32.1777,25.4029,12.4989,11.5931,9.1178,3.9381,3282,2.1791,2.5167
38830000,06/01/09,225.8067,9.9032,50.8031,1,30,0,225.8067,111.2507,64.6932,53.5204,50.7088,60.1177,54.9182,100.8281,76.6091,60.1177,52.9537,76.6091,63.7602,60.1177,60.1177,54.0894,51.8268,42.0931,29.8544,29.8544,21.2214,18.8475,16.9494,14771,13.3808,13.0412,12.4989,12.0408,11.5931,9.9032,
38830000,05/01/09,491735,36.5186,129.2121,14,3,0,52.9537,57.4787,36.5186,51.8268,52.9537,419.4786,279.15,223.6562,148.4007,75.5644,89905,70.4834,145.1629,491735,179.7326,98.3284,334.6547,126.7206,84.1925,123.8076,83.0798,42.0931,66.5866,67547,62.8361,54.9182,126.7206,116.7211,103.3699,70.4834,68.5165
38830000,04/01/09,248075,1.7266,56.7356,22,1,0,1.7266,7.6627,23.2777,75.5644,44.1916,32.1777,25.4029,21.2214,61.0149,56.6166,52.3891,50.1532,47409,52.3891,50.7088,22.4468,8.0122,4.6676,14771,40.0324,54.9182,248075,219.3962,92.2605,52.9537,32.1777,15.4849,113.9641,92.2605,88.7424,
38830000,03/01/09,11.1555,0.7275,3.9727,16,2,,1.0041,0.7275,5.1961,5.7591,3282,2.1791,1.5896,1.3359,1.7266,1.8704,1.8704,1.5896,1.3359,1.5896,1.4595,11.1555,9.1178,7.6627,6.67,5.7591,6.0538,6.9917,6.0538,5.4732,5.1961,4173,3282,3.7114,3.9381,2884,2.5167
38830000,02/01/09,38.01,0,11.5331,15,1,0,0,0,0,0,9.5056,10.7281,9.1178,8.3712,7.6627,6.3574,6.0538,10.7281,11.5931,27.1518,38.01,23.2777,17.6998,16.5787,15.4849,14.4188,13.0412,12.4989,23.2777,16.2111,11.1555,6.9917,4.6676,2.3442,,,
38830000,01/01/09,0,0,0,1,1,,0,0,0,0,0,0,0,0,0,0,0,0,0,0,0,0,0,0,0,0,0,0,0,0,0,0,0,0,0,0,0
38830000,12/01/08,0,0,0,1,1,,0,0,0,0,0,0,0,0,0,0,0,0,0,0,0,0,0,0,0,0,0,0,0,0,0,0,0,0,0,0,0
38830000,11/01/08,0,0,0,1,1,,0,0,0,0,0,0,0,0,0,0,0,0,0,0,0,0,0,0,0,0,0,0,0,0,0,0,0,0,0,0,
38830000,10/01/08,0,0,0,1,1,,0,0,0,0,0,0,0,0,0,0,0,0,0,0,0,0,0,0,0,0,0,0,0,0,0,0,0,0,0,0,0
38830000,09/01/08,0,0,0,1,1,,0,0,0,0,0,0,0,0,0,0,0,0,0,0,0,0,0,0,0,0,0,0,0,0,0,0,0,0,0,0,
38830000,08/01/08,0.4388,0,0.1219,2,28,,0.3799,0.4388,0.3799,0.2771,0.2771,0.1932,0.1932,0.1268,0.1932,0.1932,0.0998,0.1932,0.1932,0.1268,0.0998,0.0765,0.0765,0.0406,0.0406,0.0406,0.0406,0.0406,0.0275,0.0174,0.0099,0.0017,3.00E-04,0,0,0,0
38830000,07/01/08,2.0212,0.4388,1.2143,1,31,,2.0212,2.0212,1.7266,1.5896,1.4595,1.5896,1.5896,1.4595,1.4595,1.2189,1.2189,1.3359,1.4595,1.4595,1.4595,1.4595,1.3359,1.2189,1.2189,1.2189,1.1084,1.0041,0.9059,0.8138,0.8138,0.8138,0.6471,0.5722,0.5028,0.5028,0.4388
38830000,06/01/08,6.0538,2.0212,4.0011,4,29,,5.7591,5.4732,5.4732,6.0538,6.0538,5.7591,5.4732,5.1961,4.6676,4.4161,4.4161,3.9381,4.4161,3.9381,3.9381,3.7114,3.4927,3282,3.0791,3.0791,3.4927,3282,3282,3.4927,3.0791,2884,2.5167,2.3442,2.0212,2.0212,
38830000,05/01/08,56.6166,5.1961,19.2242,11,2,0,5.7591,5.1961,5.4732,8.0122,6.9917,34.0821,15.1264,21.2214,19236,28.4913,56.6166,54.9182,53.5204,50.7088,42.0931,19236,13.3808,17.6998,16.9494,16.2111,15.4849,14771,13.0412,10.7281,8.0122,6.9917,7.3225,8.0122,7.3225,6.67,6.67
38830000,04/01/08,470.3065,6.3574,56.9199,3,30,0,69.4953,439.3454,470.3065,85315,57.4787,52.9537,65.6354,65.6354,44.7221,35.0493,31.7079,20.4187,16.5787,37.5104,37.5104,32.65,18.8475,14771,12.4989,12.0408,11.1555,10.7281,10.3107,9.5056,8.7397,7.6627,8.0122,7.6627,6.9917,6.3574,
38830000,03/01/08,227971,0,42.3355,20,1,0,0,0,0,0,0,0,0,0,0,0,0,0,0,0,0,0,0,122368,146.7759,227971,208.9836,122368,61.0149,51.8268,37.0133,28.4913,47.9533,28.9431,76.6091,86.4475,65.6354
38830000,02/01/08,3.00E-04,0,0,1,2,,3.00E-04,0,0,0,0,0,0,0,0,0,0,0,0,0,0,0,0,0,0,0,0,0,0,0,0,0,0,0,0,,
38830000,01/01/08,2.6966,0,0.2284,24,1,,0,0,0,0,0,0,0,0,0,0,0,0,0,0,0,0,0,0,0,0,0,0,2.5167,2.6966,0.9059,0.5028,0.3261,0.0998,0.0275,0.0048,0.0017
38830000,12/01/07,0,0,0,1,1,,0,0,0,0,0,0,0,0,0,0,0,0,0,0,0,0,0,0,0,0,0,0,0,0,0,0,0,0,0,0,0
38830000,11/01/07,0,0,0,1,1,,0,0,0,0,0,0,0,0,0,0,0,0,0,0,0,0,0,0,0,0,0,0,0,0,0,0,0,0,0,0,
38830000,10/01/07,0,0,0,1,1,,0,0,0,0,0,0,0,0,0,0,0,0,0,0,0,0,0,0,0,0,0,0,0,0,0,0,0,0,0,0,0
38830000,09/01/07,0,0,0,1,1,,0,0,0,0,0,0,0,0,0,0,0,0,0,0,0,0,0,0,0,0,0,0,0,0,0,0,0,0,0,0,
38830000,08/01/07,,,0.29,,,,,,,,,,,,,,,,,,,,,,,,,,,,,,,,,,
38830000,07/01/07,0,0,0,1,1,,0,0,0,0,0,0,0,0,0,0,0,0,0,0,0,0,0,0,0,0,0,0,0,0,0,0,0,0,0,0,0
38830000,06/01/07,,,0,,,,0.0569,0.0406,0.0275,0.0174,0.0048,0.0048,3.00E-04,0,0,0,,,,,,,,,,,,,,,,,,,,,
38830000,05/01/07,4173,0.0174,0.9719,2,27,,3.7114,4173,3.7114,3.7114,3282,2.5167,2.1791,1.4595,0.9059,0.6471,0.5028,0.4388,0.3799,0.3261,0.2771,0.2771,0.2771,0.1932,0.1268,0.0406,0.1268,0.0998,0.0765,0.0569,0.0406,0.0275,0.0174,0.1932,0.1268,0.1268,0.0998
38830000,04/01/07,3282,0,359,27,25,,0.3799,0.2771,0.2771,0.1932,0.1932,0.1268,0.0998,0.0765,0.0765,0.0406,0.0406,0.0174,0.0275,0.0406,0.0275,0.0048,3.00E-04,3.00E-04,0.0048,0.0174,0.0275,0.0099,0.0048,3.00E-04,0,0.7275,3282,1.8704,1.5896,1.3359,
38830000,03/01/07,40544,0.5028,3.1613,10,31,,3282,1.8704,1.3359,1.1084,1.1084,0.9059,0.8138,0.7275,0.6471,40544,15.4849,3.9381,3.4927,3.7114,2884,2.1791,1.8704,1.5896,1.4595,1.1084,1.0041,1.0041,0.7275,0.6471,0.7275,0.6471,0.8138,0.6471,0.6471,0.5722,0.5028
38830000,02/01/07,61.0149,0,4.2426,20,1,0,0,0,0,0,0,0,0,0,0,0,0,0,0,0,0,0,0,0,0,61.0149,28.9431,11.5931,4.9276,3.7114,2.5167,2.1791,1.7266,2.1791,,,
38830000,01/01/07,,,5.38,,,,,,,,,,,,,,,,,,,,,,,,,,,,,,,,,,
38830000,12/01/06,0,0,0,1,1,,0,0,0,0,0,0,0,0,0,0,0,0,0,0,0,0,0,0,0,0,0,0,0,0,0,0,0,0,0,0,0
38830000,11/01/06,0,0,0,1,1,,0,0,0,0,0,0,0,0,0,0,0,0,0,0,0,0,0,0,0,0,0,0,0,0,0,0,0,0,0,0,
38830000,10/01/06,0,0,0,1,1,,0,0,0,0,0,0,0,0,0,0,0,0,0,0,0,0,0,0,0,0,0,0,0,0,0,0,0,0,0,0,0
38830000,09/01/06,0,0,0,1,1,,0,0,0,0,0,0,0,0,0,0,0,0,0,0,0,0,0,0,0,0,0,0,0,0,0,0,0,0,0,0,
38830000,08/01/06,0.7275,0,0.1911,1,30,,0.7275,0.5722,0.5028,0.3799,0.3261,0.2771,0.3261,0.3261,0.3261,0.3261,0.3261,0.2771,0.2771,0.1932,0.1579,0.1579,0.1268,0.0765,0.0765,0.0406,0.0406,0.0174,0.0275,0.0174,0.0099,0.0048,0.0048,3.00E-04,3.00E-04,0,0
38830000,07/01/06,9.9032,0.0406,2.0309,1,22,,9.9032,8.7397,7.6627,6.0538,3.0791,2.1791,1.7266,1.7266,2.3442,2.0212,1.7266,1.4595,1.3359,1.2189,1.3359,0.9059,0.7275,0.4388,0.2329,0.0998,0.0569,0.0406,0.2771,1.1084,1.0041,1.0041,1.1084,0.9059,0.9059,0.8138,0.8138
38830000,06/01/06,54.0894,0.4388,11.05,13,4,,1.3359,14.4188,0.5722,0.4388,2.6966,2.6966,2.0212,15.4849,6.3574,5.4732,4.6676,3.7114,54.0894,14771,11.1555,9.9032,9.9032,9.9032,13.7237,14.0696,13.7237,13.0412,14.4188,13.7237,14.0696,13.3808,14.0696,13.3808,12.7048,11.5931,
38830000,05/01/06,213.1081,0.0998,13947,14,25,0,15.1264,12.4989,13.3808,13.7237,12.7048,10.7281,9.5056,5.1961,4.6676,4173,3282,2.1791,1.8704,213.1081,50.7088,6.0538,32.1777,8.0122,1.3359,1.1084,0.7275,0.5028,0.3261,0.1579,0.0998,0.2329,0.0998,1.3359,3282,2.1791,1.8704
38830000,04/01/06,69.4953,0.1268,10.0827,6,29,0,52.9537,16.5787,8.0122,4.9276,1.2189,69.4953,16.5787,15.4849,12.7048,7.6627,5.7591,4.4161,3.0791,2.5167,2.1791,3282,2.5167,3.9381,35.5366,7.6627,2.1791,2.1791,1.5896,0.7275,0.3261,1.3359,1.5896,0.4388,0.1268,15.4849,
38830000,03/01/06,98.3284,0.1579,6676,31,2,0,0.3261,0.1579,1.5896,2.1791,1.5896,1.7266,1.5896,1.3359,1.5896,1.1084,1.1084,1.5896,1.3359,1.5896,1.4595,1.3359,1.2189,1.5896,1.1084,0.9059,0.5722,0.5028,0.3261,0.6471,1.3359,1.3359,1.1084,50.1532,10.7281,15.4849,98.3284
38830000,02/01/06,119.5223,0,10.8785,16,1,0,0,0,0,0,0,0,0,0,0,0,0,0,0,0,43.1377,119.5223,42.0931,25.8361,20.8186,21.2214,13.0412,9.1178,2.1791,1.8704,1.3359,1.7266,1.5896,1.1084,,,
38830000,01/01/06,0,0,0,1,1,,0,0,0,0,0,0,0,0,0,0,0,0,0,0,0,0,0,0,0,0,0,0,0,0,0,0,0,0,0,0,0
38830000,12/01/05,0,0,0,1,1,,0,0,0,0,0,0,0,0,0,0,0,0,0,0,0,0,0,0,0,0,0,0,0,0,0,0,0,0,0,0,0
38830000,11/01/05,0,0,0,1,1,,0,0,0,0,0,0,0,0,0,0,0,0,0,0,0,0,0,0,0,0,0,0,0,0,0,0,0,0,0,0,
38830000,10/01/05,0,0,0,1,1,,0,0,0,0,0,0,0,0,0,0,0,0,0,0,0,0,0,0,0,0,0,0,0,0,0,0,0,0,0,0,0
38830000,09/01/05,0,0,0,1,1,,0,0,0,0,0,0,0,0,0,0,0,0,0,0,0,0,0,0,0,0,0,0,0,0,0,0,0,0,0,0,
38830000,08/01/05,0,0,0,1,1,,0,0,0,0,0,0,0,0,0,0,0,0,0,0,0,0,0,0,0,0,0,0,0,0,0,0,0,0,0,0,0
38830000,07/01/05,2.0212,0,0.5249,1,19,0,2.0212,1.5896,1.3359,1.1084,0.9059,0.9059,1.1084,0.8138,0.6471,0.5028,1.3359,0.9059,0.7275,0.5722,0.5722,0.5028,0.4388,0.2771,0,0,0,0,0,0,0,0,0,0,0,0,0
38830000,06/01/05,9.5056,0,2.1869,19,1,,0,0,0,0,0,0,0,0,0,0,0,0,0,3.7114,3.0791,5.1961,3.0791,5.7591,9.5056,6.3574,5.7591,3.7114,3282,2.6966,2.6966,2.3442,1.8704,2.5167,2.0212,2.0212,
38830000,05/01/05,10.7281,0,1.9647,1,19,,10.7281,7.3225,4.4161,3.9381,3.4927,3.0791,3.7114,3282,3282,2884,2.3442,2884,2.3442,2.0212,1.7266,1.3359,1.1084,1.0041,0,0,0,0,0,0,0,0,0,0,0,0,0
38830000,04/01/05,46.3273,1.7266,10.0404,1,26,0,46.3273,19.6273,23.6972,30776,15.8465,10.7281,9.9032,9.1178,7.6627,6.9917,6.67,6.3574,6.0538,5.4732,5.1961,4.6676,4173,4173,3.4927,3282,2884,3.7114,3.0791,2.6966,2.1791,1.7266,14.4188,14.4188,13.3808,12.4989,
38830000,03/01/05,299.5058,0,31.4568,25,1,0,0,0,0,0,0,0,0,0,0,0,0,0,0,0,0,0,0,0,0,14.4188,14.4188,12.4989,11.5931,13.3808,299.5058,67547,148.4007,61.9211,11.5931,239,80884
38830000,02/01/05,9.9032,0,5.4709,1,28,,9.9032,9.1178,9.9032,8.7397,8.3712,7.6627,6.67,6.0538,6.3574,6.9917,6.0538,6.67,6.67,6.9917,6.67,6.0538,5.4732,4.9276,4.6676,4173,3.7114,2884,2.5167,2.0212,1.5896,1.3359,1.0041,0,,,
38830000,01/01/05,231.8242,0,10.0421,25,1,,0,0,0,0,0,0,0,0,0,0,0,0,0,0,0,0,0,0,0,0,0,0,0,0,231.8242,17.3231,8.7397,16.5787,14.0696,12.0408,10.7281
38830000,12/01/04,0,0,0,1,1,,0,0,0,0,0,0,0,0,0,0,0,0,0,0,0,0,0,0,0,0,0,0,0,0,0,0,0,0,0,0,0
38830000,11/01/04,0,0,0,1,1,,0,0,0,0,0,0,0,0,0,0,0,0,0,0,0,0,0,0,0,0,0,0,0,0,0,0,0,0,0,0,
38830000,10/01/04,,,6.25,,,,0,0,0,0,0,0,0,0,0,0,0,0,0,0,0,0,0,0,0,0,0,0,0,0,0,0,0,0,0,0,
38830000,09/01/04,0,0,0,1,1,,0,0,0,0,0,0,0,0,0,0,0,0,0,0,0,0,0,0,0,0,0,0,0,0,0,0,0,0,0,0,
38830000,08/01/04,0,0,0,1,1,,0,0,0,0,0,0,0,0,0,0,0,0,0,0,0,0,0,0,0,0,0,0,0,0,0,0,0,0,0,0,0
38830000,07/01/04,49.5998,0,3.8536,7,1,,0,0,0,0,0,0,49.5998,15.4849,9.9032,6.67,5.7591,6.0538,4.9276,4.9276,5.4732,4.4161,3.0791,1.5896,0.8138,0.4388,0.3261,0,0,0,0,0,0,0,0,0,0
38830000,06/01/04,0,0,0,1,1,,0,0,0,0,0,0,0,0,0,0,0,0,0,0,0,0,0,0,0,0,0,0,0,0,0,0,0,0,0,0,
38830000,05/01/04,0,0,0,1,1,,0,0,0,0,0,0,0,0,0,0,0,0,0,0,0,0,0,0,0,0,0,0,0,0,0,0,0,0,0,0,0
38830000,04/01/04,3.9381,0,0.4067,1,6,,3.9381,3.0791,2.5167,2.0212,0.6471,0,0,0,0,0,0,0,0,0,0,0,0,0,0,0,0,0,0,0,0,0,0,0,0,0,
38830000,03/01/04,18462,0.0275,8.0438,14,2,0,0.1268,0.0275,0.3261,9.1178,6.9917,4173,4173,10.7281,9.1178,7.6627,7.6627,8.0122,12.4989,18462,13.7237,15.1264,12.4989,13.3808,12.7048,9.9032,8.7397,7.6627,6.9917,7.3225,6.67,6.3574,6.0538,6.3574,6.3574,5.7591,4.6676
38830000,02/01/04,239,0.0998,54.8276,7,26,0,65.6354,54.9182,52.9537,79.8007,193.0175,234.5467,239,111.2507,92.2605,57.4787,44.7221,59.2292,66.5866,61.0149,50.1532,39.5232,31.2407,23.2777,7.6627,5.7591,4.4161,2.5167,1.2189,0.5722,0.2329,0.0998,0.2771,0.3261,10.3107,,
38830000,01/01/04,320.8278,0,55.5456,26,1,0,0,0,0,0,0,0,0,0,0,0,0,0,9.9032,3.7114,4.4161,135733,20.0215,6.3574,2.6966,66.5866,70.4834,174231,206.9414,132683,213.1081,320.8278,112602,77.6633,68.5165,50.7088,44.7221
38830000,12/01/03,0,0,0,1,1,,0,0,0,0,0,0,0,0,0,0,0,0,0,0,0,0,0,0,0,0,0,0,0,0,0,0,0,0,0,0,0
38830000,11/01/03,0,0,0,1,1,,0,0,0,0,0,0,0,0,0,0,0,0,0,0,0,0,0,0,0,0,0,0,0,0,0,0,0,0,0,0,
38830000,10/01/03,0,0,0,1,1,,0,0,0,0,0,0,0,0,0,0,0,0,0,0,0,0,0,0,0,0,0,0,0,0,0,0,0,0,0,0,0
38830000,09/01/03,0,0,0,1,1,,0,0,0,0,0,0,0,0,0,0,0,0,0,0,0,0,0,0,0,0,0,0,0,0,0,0,0,0,0,0,
38830000,08/01/03,0,0,0,1,1,,0,0,0,0,0,0,0,0,0,0,0,0,0,0,0,0,0,0,0,0,0,0,0,0,0,0,0,0,0,0,0
38830000,07/01/03,0,0,0,1,1,,0,0,0,0,0,0,0,0,0,0,0,0,0,0,0,0,0,0,0,0,0,0,0,0,0,0,0,0,0,0,0
38830000,06/01/03,0,0,0,1,1,,0,0,0,0,0,0,0,0,0,0,0,0,0,0,0,0,0,0,0,0,0,0,0,0,0,0,0,0,0,0,
38830000,05/01/03,6.0538,0,1.1426,2,21,,1.5896,6.0538,3.7114,3.0791,2.6966,2.6966,2.1791,1.7266,1.4595,1.4595,1.2189,1.1084,1.0041,1.0041,1.0041,0.8138,0.8138,0.7275,0.5722,0.5028,0,0,0,0,0,0,0,0,0,0,0
38830000,04/01/03,17.3231,1.0041,4423,1,27,,17.3231,12.7048,9.9032,6.9917,5.7591,14.0696,8.0122,7.3225,6.9917,5.7591,4.9276,4173,3282,2.6966,2.5167,2.0212,1.8704,1.7266,1.7266,1.3359,1.4595,1.3359,1.2189,1.2189,1.2189,1.1084,1.0041,1.0041,1.0041,1.0041,
38830000,03/01/03,135733,0.3799,13.4639,19,15,0,1.0041,5.1961,4.4161,3282,2.1791,2884,2.1791,1.3359,1.2189,1.1084,0.8138,0.8138,0.5722,0.5028,0.3799,0.8138,0.8138,0.8138,135733,41058,103.3699,42.0931,12.0408,8.0122,7.3225,9.1178,7.6627,6.9917,5.7591,5.1961,2.6966
38830000,02/01/03,114.6025,0,6955,13,1,,0,0,0,0,0,0,0,0,0,0,0,0,114.6025,32.65,9.9032,7.3225,4.6676,3.9381,3.0791,3.0791,2.6966,2.3442,2.1791,2.0212,1.8704,1.5896,1.4595,1.3359,,,
38830000,01/01/03,0,0,0,1,1,,0,0,0,0,0,0,0,0,0,0,0,0,0,0,0,0,0,0,0,0,0,0,0,0,0,0,0,0,0,0,0
38830000,12/01/02,0,0,0,1,1,,0,0,0,0,0,0,0,0,0,0,0,0,0,0,0,0,0,0,0,0,0,0,0,0,0,0,0,0,0,0,0
38830000,11/01/02,0,0,0,1,1,,0,0,0,0,0,0,0,0,0,0,0,0,0,0,0,0,0,0,0,0,0,0,0,0,0,0,0,0,0,0,
38830000,10/01/02,0,0,0,1,1,,0,0,0,0,0,0,0,0,0,0,0,0,0,0,0,0,0,0,0,0,0,0,0,0,0,0,0,0,0,0,0
38830000,09/01/02,0,0,0,1,1,,0,0,0,0,0,0,0,0,0,0,0,0,0,0,0,0,0,0,0,0,0,0,0,0,0,0,0,0,0,0,
38830000,08/01/02,0,0,0,1,1,,0,0,0,0,0,0,0,0,0,0,0,0,0,0,0,0,0,0,0,0,0,0,0,0,0,0,0,0,0,0,0
38830000,07/01/02,0,0,0,1,1,,0,0,0,0,0,0,0,0,0,0,0,0,0,0,0,0,0,0,0,0,0,0,0,0,0,0,0,0,0,0,0
38830000,06/01/02,0.3799,0,58,12,1,,0,0,0,0,0,0,0,0,0,0,0,0.3799,0.3799,0.1932,0.1932,0.1932,0.1268,0.0765,0.0765,0.0406,0.0406,0.0406,0,0,0,0,0,0,0,0,
38830000,05/01/02,1.2189,0,0.5088,16,26,0,0.3799,0.3799,0.4388,0.4388,0.4388,0.4388,0.4388,0.5028,0.5722,0.6471,0.7275,0.8138,0.9059,1.0041,1.1084,1.2189,0.8138,0.8138,0.7275,0.6471,0.6471,0.5722,0.4388,0.3799,0.2771,0,0,0,0,0,0
38830000,04/01/02,11.1555,0.3799,2.6173,11,28,,4.9276,4173,3.4927,3.0791,2884,2.3442,2.0212,2.0212,2.0212,1.7266,11.1555,5.7591,3.4927,2.6966,4173,3.4927,3.4927,2.5167,2.1791,1.7266,1.7266,1.4595,1.2189,1.2189,1.0041,0.7275,0.6471,0.3799,0.3799,0.3799,
38830000,03/01/02,47409,0,3.6577,26,22,,1.7266,1.7266,1.7266,1.5896,1.4595,1.7266,1.7266,1.7266,1.4595,1.4595,1.4595,1.4595,1.4595,1.4595,1.2189,1.2189,1.2189,1.0041,0.8138,0.8138,0.6471,0,0,0,0,47409,4.4161,12.0408,8.0122,6.3574,6.0538
38830000,02/01/02,37.5104,1.7266,6.0171,4,26,,3.4927,3.0791,3.0791,37.5104,14771,18.8475,9.9032,6.67,5.7591,4.6676,4.4161,3.9381,4.6676,4.4161,4.4161,5.4732,4.9276,4173,3.9381,3.4927,3.0791,2.5167,2.0212,2.0212,2.0212,1.7266,1.7266,1.7266,,,
38830000,01/01/02,183464,0,20.0029,5,1,0,0,0,104.6566,37.0133,183464,62.8361,56.6166,26.7106,13.0412,10.7281,8.3712,5.7591,4.9276,4.4161,4.4161,3.9381,3.9381,10.3107,4.9276,4.4161,4.4161,3.9381,3.9381,3.4927,3.4927,3.0791,23.2777,11.1555,4.9276,4173,3.7114
38830000,12/01/01,0,0,0,1,1,,0,0,0,0,0,0,0,0,0,0,0,0,0,0,0,0,0,0,0,0,0,0,0,0,0,0,0,0,0,0,0
38830000,11/01/01,0,0,0,1,1,,0,0,0,0,0,0,0,0,0,0,0,0,0,0,0,0,0,0,0,0,0,0,0,0,0,0,0,0,0,0,
38830000,10/01/01,0,0,0,1,1,,0,0,0,0,0,0,0,0,0,0,0,0,0,0,0,0,0,0,0,0,0,0,0,0,0,0,0,0,0,0,0
38830000,09/01/01,0,0,0,1,1,,0,0,0,0,0,0,0,0,0,0,0,0,0,0,0,0,0,0,0,0,0,0,0,0,0,0,0,0,0,0,
38830000,08/01/01,0,0,0,1,1,,0,0,0,0,0,0,0,0,0,0,0,0,0,0,0,0,0,0,0,0,0,0,0,0,0,0,0,0,0,0,0
38830000,07/01/01,0,0,0,1,1,,0,0,0,0,0,0,0,0,0,0,0,0,0,0,0,0,0,0,0,0,0,0,0,0,0,0,0,0,0,0,0
38830000,06/01/01,0,0,0,1,1,,0,0,0,0,0,0,0,0,0,0,0,0,0,0,0,0,0,0,0,0,0,0,0,0,0,0,0,0,0,0,
38830000,05/01/01,0,0,0,1,1,,0,0,0,0,0,0,0,0,0,0,0,0,0,0,0,0,0,0,0,0,0,0,0,0,0,0,0,0,0,0,0
38830000,04/01/01,49.5998,0,4.8723,1,23,,49.5998,44.1916,13.3808,6.9917,3.9381,3282,2.6966,2.6966,2.3442,2.0212,1.8704,1.7266,1.4595,1.4595,1.2189,1.2189,1.2189,1.2189,1.0041,1.0041,0.8138,0.8138,0,0,0,0,0,0,0,0,
38830000,03/01/01,99573,0,14.5968,9,1,0,0,0,0,0,0,0,0,0,99573,26272,10.7281,8.0122,40544,57.4787,40544,15.4849,10.3107,9.5056,8.0122,5.4732,3.9381,3282,2.6966,2.3442,2.0212,1.7266,1.4595,1.7266,1.7266,44.7221,54.9182
38830000,02/01/01,0,0,0,1,1,,0,0,0,0,0,0,0,0,0,0,0,0,0,0,0,0,0,0,0,0,0,0,0,0,0,0,0,0,,,
38830000,01/01/01,0,0,0,1,1,,0,0,0,0,0,0,0,0,0,0,0,0,0,0,0,0,0,0,0,0,0,0,0,0,0,0,0,0,0,0,0
38830000,12/01/00,0,0,0,1,1,,0,0,0,0,0,0,0,0,0,0,0,0,0,0,0,0,0,0,0,0,0,0,0,0,0,0,0,0,0,0,0
38830000,11/01/00,0,0,0,1,1,,0,0,0,0,0,0,0,0,0,0,0,0,0,0,0,0,0,0,0,0,0,0,0,0,0,0,0,0,0,0,
38830000,10/01/00,0,0,0,1,1,,0,0,0,0,0,0,0,0,0,0,0,0,0,0,0,0,0,0,0,0,0,0,0,0,0,0,0,0,0,0,0
38830000,09/01/00,0,0,0,1,1,,0,0,0,0,0,0,0,0,0,0,0,0,0,0,0,0,0,0,0,0,0,0,0,0,0,0,0,0,0,0,
38830000,08/01/00,0,0,0,1,1,,0,0,0,0,0,0,0,0,0,0,0,0,0,0,0,0,0,0,0,0,0,0,0,0,0,0,0,0,0,0,0
38830000,07/01/00,0,0,0,1,1,,0,0,0,0,0,0,0,0,0,0,0,0,0,0,0,0,0,0,0,0,0,0,0,0,0,0,0,0,0,0,0
38830000,06/01/00,0,0,0,1,1,,0,0,0,0,0,0,0,0,0,0,0,0,0,0,0,0,0,0,0,0,0,0,0,0,0,0,0,0,0,0,
38830000,05/01/00,0,0,0,1,1,,0,0,0,0,0,0,0,0,0,0,0,0,0,0,0,0,0,0,0,0,0,0,0,0,0,0,0,0,0,0,0
38830000,04/01/00,49.5998,0,3.8185,17,5,,0.0174,0.0174,0.0174,0.0048,0,0,0,0,0,0,0.0765,0.0275,10.7281,6.9917,2.3442,0.1932,49.5998,17.6998,13.0412,4173,3.9381,3282,1.8704,0.1932,0.1268,0.0765,0.0765,0.0406,0.0174,0,
38830000,03/01/00,17.3231,0.0048,2.0192,19,11,,0.3799,1.5896,1.0041,0.7275,0.4388,0.1932,0.0569,0.0406,0.0174,0.0174,0.0048,0.0048,0.0048,13.3808,5.4732,2.5167,1.3359,0.3261,17.3231,8.7397,3.7114,1.5896,0.6471,0.3799,0.2771,0.1579,0.0569,1.4595,0.5722,0.1268,0.0406
38830000,02/01/00,92.2605,0,7.4175,22,1,0,0,0,0,0,0,0,0,0,6.67,3.4927,1.1084,0.3799,0.1932,2884,13.7237,5.7591,36.5186,13.3808,5.4732,2.3442,1.0041,92.2605,15.1264,6.67,3.4927,1.5896,1.2189,1.0041,0.8138,,
38830000,01/01/00,4.6676,0,0.3481,11,25,,0.5028,0.2329,0.0998,0.0275,0.0174,0.0406,0.0406,0.0174,0.3261,2.3442,4.6676,1.0041,0.2771,0.1268,0.3799,0.3261,0.1579,0.0765,0.0406,0.0406,0.0174,0.0174,0.0048,0.0048,0,0,0,0,0,0,0
38830000,12/01/99,37.5104,0,1.3119,29,1,,0,0,0,0,0,0,0,0,0,0,0,0,0,0,0,0,0,0,0,0,0,0,0,0,0,0,0,0,37.5104,2.3442,0.8138
38830000,11/01/99,0,0,0,1,1,,0,0,0,0,0,0,0,0,0,0,0,0,0,0,0,0,0,0,0,0,0,0,0,0,0,0,0,0,0,0,
38830000,10/01/99,0,0,0,1,1,,0,0,0,0,0,0,0,0,0,0,0,0,0,0,0,0,0,0,0,0,0,0,0,0,0,0,0,0,0,0,0
38830000,09/01/99,0,0,0,1,1,,0,0,0,0,0,0,0,0,0,0,0,0,0,0,0,0,0,0,0,0,0,0,0,0,0,0,0,0,0,0,
38830000,08/01/99,0,0,0,1,1,,0,0,0,0,0,0,0,0,0,0,0,0,0,0,0,0,0,0,0,0,0,0,0,0,0,0,0,0,0,0,0
38830000,07/01/99,0,0,0,1,1,,0,0,0,0,0,0,0,0,0,0,0,0,0,0,0,0,0,0,0,0,0,0,0,0,0,0,0,0,0,0,0
38830000,06/01/99,3.00E-04,0,0,1,3,,3.00E-04,3.00E-04,0,0,0,0,0,0,0,0,0,0,0,0,0,0,0,0,0,0,0,0,0,0,0,0,0,0,0,0,
38830000,05/01/99,52.9537,0,2.6289,14,1,,0,0.5028,0.0048,0.0048,3.00E-04,0,0,0,0,0,0,0,0,52.9537,8.0122,5.4732,9.9032,2.0212,1.3359,0.6471,0.3799,0.0998,0.0406,0.0275,0.0275,0.0174,0.0174,0.0174,0.0048,0.0048,3.00E-04
38830000,04/01/99,0,0,0,1,1,,0,0,0,0,0,0,0,0,0,0,0,0,0,0,0,0,0,0,0,0,0,0,0,0,0,0,0,0,0,0,
38830000,03/01/99,12.4989,0,0.6825,18,1,0,0,0,0,0,0,0,0,0,0,0,0,0,0,0,0.8138,0.2771,0.1932,12.4989,7.3225,0.0406,0.0048,0.0048,3.00E-04,0,0,0,0,0,0,0,0
38830000,02/01/99,0,0,0,1,1,,0,0,0,0,0,0,0,0,0,0,0,0,0,0,0,0,0,0,0,0,0,0,0,0,0,0,0,0,,,
38830000,01/01/99,0,0,0,1,1,,0,0,0,0,0,0,0,0,0,0,0,0,0,0,0,0,0,0,0,0,0,0,0,0,0,0,0,0,0,0,0
38830000,12/01/98,0,0,0,1,1,,0,0,0,0,0,0,0,0,0,0,0,0,0,0,0,0,0,0,0,0,0,0,0,0,0,0,0,0,0,0,0
38830000,11/01/98,0,0,0,1,1,,0,0,0,0,0,0,0,0,0,0,0,0,0,0,0,0,0,0,0,0,0,0,0,0,0,0,0,0,0,0,
38830000,10/01/98,0,0,0,1,1,,0,0,0,0,0,0,0,0,0,0,0,0,0,0,0,0,0,0,0,0,0,0,0,0,0,0,0,0,0,0,0
38830000,09/01/98,0,0,0,1,1,,0,0,0,0,0,0,0,0,0,0,0,0,0,0,0,0,0,0,0,0,0,0,0,0,0,0,0,0,0,0,
38830000,08/01/98,0,0,0,1,1,,0,0,0,0,0,0,0,0,0,0,0,0,0,0,0,0,0,0,0,0,0,0,0,0,0,0,0,0,0,0,0
38830000,07/01/98,0,0,0,1,1,,0,0,0,0,0,0,0,0,0,0,0,0,0,0,0,0,0,0,0,0,0,0,0,0,0,0,0,0,0,0,0
38830000,06/01/98,0,0,0,1,1,,0,0,0,0,0,0,0,0,0,0,0,0,0,0,0,0,0,0,0,0,0,0,0,0,0,0,0,0,0,0,
38830000,05/01/98,0,0,0,1,1,,0,0,0,0,0,0,0,0,0,0,0,0,0,0,0,0,0,0,0,0,0,0,0,0,0,0,0,0,0,0,0
38830000,04/01/98,0,0,0,1,1,,0,0,0,0,0,0,0,0,0,0,0,0,0,0,0,0,0,0,0,0,0,0,0,0,0,0,0,0,0,0,
38830000,03/01/98,0,0,0,1,1,,0,0,0,0,0,0,0,0,0,0,0,0,0,0,0,0,0,0,0,0,0,0,0,0,0,0,0,0,0,0,0
38830000,02/01/98,0,0,0,1,1,,0,0,0,0,0,0,0,0,0,0,0,0,0,0,0,0,0,0,0,0,0,0,0,0,0,0,0,0,,,
38830000,01/01/98,2.5167,0,0.3521,4,1,0,0,0,0,2.5167,2.0212,1.4595,1.7266,1.2189,0.5028,0.5722,0.3799,0.1579,0.1268,0.0998,0.0406,0.0406,0.0174,0.0174,0.0174,0,0,0,0,0,0,0,0,0,0,0,0
38830000,12/01/97,0,0,0,1,1,,0,0,0,0,0,0,0,0,0,0,0,0,0,0,0,0,0,0,0,0,0,0,0,0,0,0,0,0,0,0,0
38830000,11/01/97,0,0,0,1,1,,0,0,0,0,0,0,0,0,0,0,0,0,0,0,0,0,0,0,0,0,0,0,0,0,0,0,0,0,0,0,
38830000,10/01/97,0.2771,0,35,11,1,0,0,0,0,0,0,0,0,0,0,0,0.2771,0.1932,0.1932,0.1579,0.1268,0.0406,0.0406,0.0275,0.0275,0,0,0,0,0,0,0,0,0,0,0,0
38830000,09/01/97,0,0,0,1,1,,0,0,0,0,0,0,0,0,0,0,0,0,0,0,0,0,0,0,0,0,0,0,0,0,0,0,0,0,0,0,
38830000,08/01/97,0,0,0,1,1,,0,0,0,0,0,0,0,0,0,0,0,0,0,0,0,0,0,0,0,0,0,0,0,0,0,0,0,0,0,0,0
38830000,07/01/97,0,0,0,1,1,,0,0,0,0,0,0,0,0,0,0,0,0,0,0,0,0,0,0,0,0,0,0,0,0,0,0,0,0,0,0,0
38830000,06/01/97,0.0406,0,0.0023,1,8,,0.0406,0.0174,0.0048,0.0048,3.00E-04,3.00E-04,3.00E-04,0,0,0,0,0,0,0,0,0,0,0,0,0,0,0,0,0,0,0,0,0,0,0,
38830000,05/01/97,1.0041,3.00E-04,0.1083,27,15,,0.2329,0.0998,0.0406,0.0406,0.0406,0.0174,0.0017,0.0765,0.0406,0.0174,0.0174,0.0048,0.0048,0.0048,3.00E-04,3.00E-04,3.00E-04,3.00E-04,3.00E-04,0.0048,0.0048,0.0048,0.0048,0.2771,0.3799,0.3799,1.0041,0.3799,0.1579,0.0765,0.0406
38830000,04/01/97,15.1264,0.0406,1.5194,26,19,,3.7114,2.6966,2.0212,1.7266,1.3359,1.2189,2.0212,1.4595,1.0041,0.6471,0.3799,0.1932,0.1932,0.0765,2.3442,0.8138,0.3799,0.1268,0.0406,0.3799,0.3799,0.2771,0.1932,0.0569,0.0406,15.1264,4173,1.2189,0.9059,0.4388,
38830000,03/01/97,92.2605,0,6.2419,26,1,0,0,0,0,0,0,0,0,0,0,0,0,0,0,0,0,0,0,0,4.9276,3282,1.4595,0.6471,0.5028,1.4595,19236,92.2605,23.2777,16.9494,13.0412,12.0408,4.4161
38830000,02/01/97,0.2771,0,0.0318,1,7,,0.2771,0.2771,0.1268,0.1268,0.0406,0.0406,0,0,0,0,0,0,0,0,0,0,0,0,0,0,0,0,0,0,0,0,0,0,,,
38830000,01/01/97,2.0212,0,0.4753,26,1,,0,0,0,1.2189,1.2189,1.0041,0.8138,0.8138,0.8138,0.6471,0.6471,0.3799,0.3799,0.3799,0.2771,0.2771,0.1932,0.1268,0.1268,0.1268,0.1268,0.0765,0.0765,0.0765,1.2189,2.0212,0.3799,0.3799,0.3799,0.2771,0.2771
38830000,12/01/96,0.6471,0,0.0686,1,6,,0.6471,0.6471,0.2771,0.2771,0.2771,0,0,0,0,0,0,0,0,0,0,0,0,0,0,0,0,0,0,0,0,0,0,0,0,0,0
38830000,11/01/96,1.2189,0.0406,0.7334,19,6,,0.2771,0.2771,0.1932,0.1268,0.1268,0.0406,0.0406,0.0406,0.8138,1.0041,1.0041,1.0041,1.0041,0.8138,0.8138,0.8138,0.8138,0.8138,1.2189,1.2189,1.2189,1.2189,1.0041,1.0041,1.0041,1.0041,0.8138,0.8138,0.8138,0.6471,
38830000,10/01/96,1.0041,0,0.1335,26,1,,0,0,0,0,0,0,0,0,0,0,0,0,0,0,0,0,0,0,0,0,0,0,0,0.2771,0.2771,1.0041,0.8138,0.5028,0.5028,0.3799,0.3799
38830000,09/01/96,0,0,0,1,1,,0,0,0,0,0,0,0,0,0,0,0,0,0,0,0,0,0,0,0,0,0,0,0,0,0,0,0,0,0,0,
38830000,08/01/96,0.1932,0,0.0431,3,23,,0.1268,0.1268,0.1932,0.1932,0.1268,0.0765,0.0765,0.0406,0.0406,0.0406,0.0174,0.0174,0.0174,0.0406,0.0406,0.0406,0.0406,0.0174,0.0174,0.0174,0.0174,0.0099,0,0,0,0,0,0,0,0,0
38830000,07/01/96,0.2771,0,0.0716,27,1,,0,0,0,0,0,0,0,0,0,0,0,0,0,0,0,0,0,0,0,0.1268,0.1268,0.1932,0.1932,0.1932,0.1932,0.1268,0.2771,0.2771,0.1932,0.1932,0.1268
38830000,06/01/96,0.0406,0,0.0074,1,21,,0.0406,0.0275,0.0275,0.0275,0.0174,0.0174,0.0174,0.0174,0.0048,0.0048,0.0048,0.0048,0.0048,0.0048,3.00E-04,3.00E-04,3.00E-04,3.00E-04,3.00E-04,3.00E-04,0,0,0,0,0,0,0,0,0,0,
38830000,05/01/96,15.4849,0.0406,4.0367,5,28,,11.5931,9.1178,6.0538,8.7397,15.4849,4.9276,14771,9.9032,6.9917,6.67,5.4732,4.4161,3.4927,3.4927,3.0791,3.0791,2.3442,2.0212,1.2189,0.6471,0.3799,0.2771,0.2771,0.1932,0.1268,0.1268,0.0765,0.0406,0.0406,0.0406,0.0406
38830000,04/01/96,35.0493,1.7266,9091,29,5,0,2.6966,2.3442,2.0212,2.0212,1.7266,25.4029,10.3107,5.1961,16.9494,12.4989,7.3225,5.7591,4.9276,6.3574,5.4732,4.9276,4.4161,4.4161,13.3808,12.7048,11.5931,9.1178,8.0122,9.9032,8.7397,8.0122,6.0538,4173,35.0493,21.2214,
38830000,03/01/96,35.0493,0.0765,5.7943,13,1,,0.0765,0.0765,2.5167,2.0212,1.7266,9.5056,6.9917,5.1961,3.9381,3.7114,7.3225,31.2407,35.0493,13.7237,9.1178,7.6627,6.9917,5.1961,4173,3.0791,2.6966,2.3442,2.0212,1.7266,1.7266,1.4595,1.2189,0.9059,0.8138,2.6966,2.6966
38830000,02/01/96,2.0212,0.0406,0.4518,1,27,,2.0212,1.7266,1.4595,1.2189,1.0041,0.8138,0.6471,0.6471,0.5028,0.3799,0.2771,0.2771,0.2771,0.1932,0.1932,0.1932,0.1932,0.1932,0.1268,0.1268,0.1268,0.0765,0.0765,0.0765,0.0765,0.0765,0.0406,0.0406,0.0406,,
38830000,01/01/96,42.0931,0,2.8043,23,1,,0,0,0,0,0,0,0,0,0,0,0,0,0,0,0,0,0,0,0,0,2.0212,2.0212,42.0931,13.7237,7.6627,5.4732,4173,2884,2.5167,2.3442,2.0212
38830000,12/01/95,1.0041,0,0.3896,1,25,,1.0041,1.0041,1.0041,0.8138,0.8138,0.8138,0.8138,0.8138,0.7275,0.7275,0.7275,0.6471,0.6471,0.6471,0.2771,0.2771,0.1268,0.0406,0.0406,0.0406,0.0174,0.0174,0.0174,0.0174,0,0,0,0,0,0,0
38830000,11/01/95,2.0212,0,1467,2,1,,0,2.0212,2.0212,2.0212,1.8704,2.0212,2.0212,2.0212,2.0212,1.8704,1.7266,1.7266,1.7266,1.7266,1.7266,1.7266,1.4595,1.4595,1.4595,1.4595,1.0041,1.0041,1.0041,0.8138,0.8138,0.8138,0.8138,1.2189,1.2189,1.2189,
38830000,10/01/95,1.0041,0,0.3705,4,21,,0.1932,0.1932,0.1932,1.0041,1.0041,1.0041,0.8138,0.8138,0.6471,0.6471,0.6471,0.6471,0.6471,0.5722,0.5722,0.5722,0.3799,0.3799,0.2771,0.2771,0,0,0,0,0,0,0,0,0,0,0
38830000,09/01/95,0.1268,0.0048,57,1,29,,0.1268,0.1268,0.1268,0.1268,0.1268,0.0765,0.0765,0.0765,0.0765,0.0765,0.0765,0.0765,0.0765,0.0406,0.0406,0.0406,0.0406,0.0406,0.0406,0.0406,0.0275,0.0275,0.0275,0.0174,0.0174,0.0174,0.0174,0.0174,0.0048,0.0048,
38830000,08/01/95,0.6471,0.1268,0.3628,1,28,,0.6471,0.6471,0.6471,0.6471,0.6471,0.6471,0.5028,0.5028,0.5028,0.5028,0.5028,0.3799,0.3799,0.3799,0.3799,0.2771,0.2771,0.2771,0.2771,0.2771,0.2771,0.1932,0.1932,0.1932,0.1932,0.1932,0.1932,0.1268,0.1268,0.1268,0.1268
38830000,07/01/95,0.1268,0,0.0261,1,10,,0.1268,0.0998,0.0998,0.0998,0.0765,0.0765,0.0765,0.0765,0.0765,0,0,0,0,0,0,0,0,0,0,0,0,0,0,0,0,0,0,0,0,0,0
38830000,06/01/95,3.9381,0.1268,1.1033,1,25,,3.9381,3282,2.6966,2.6966,2.3442,2.0212,1.8704,1.7266,1.4595,1.4595,1.2189,1.0041,0.8138,0.8138,0.8138,0.7275,0.6471,0.6471,0.5028,0.3799,0.3799,0.2771,0.2771,0.2771,0.1268,0.1268,0.1268,0.1579,0.1579,0.1268,
38830000,05/01/95,60.1177,0.5028,8.3098,23,19,0,1.4595,1.2189,7.3225,4.9276,3.7114,2.6966,2.3442,2.3442,2.0212,1.4595,1.2189,1.2189,1.0041,0.8138,0.8138,0.8138,0.6471,0.6471,0.5028,10.3107,12.7048,9.9032,60.1177,52.9537,14.0696,12.0408,15.1264,12.7048,9.5056,6.0538,4.9276
38830000,04/01/95,18462,1.4595,5177,14,30,,7.3225,5.4732,4.4161,2.6966,2.3442,8.0122,6.67,4.6676,3.4927,3.4927,3.0791,2.6966,9.5056,18462,14771,11.1555,9.5056,6.67,4.9276,4173,3.4927,2.6966,2.6966,2.3442,2.0212,2.0212,1.7266,1.7266,1.5896,1.4595,
38830000,03/01/95,271.7611,0.0406,15.0311,22,17,0,0.8138,0.8138,0.8138,0.6471,0.5028,0.5028,0.5028,0.3799,0.3799,0.2771,0.2771,0.2771,0.1932,0.1932,0.1268,0.1268,0.0406,0.0406,0.0406,0.0406,0.0406,271.7611,2884,11.5931,63.7602,57.4787,14771,12.0408,10.3107,7.6627,6.67
38830000,02/01/95,63.7602,0,6.7395,17,1,0,0,0,0,0,0,0,0,5.7591,10.7281,12.7048,15.1264,23.6972,8.7397,3.9381,2.3442,1.7266,63.7602,16.5787,7.3225,4173,3.0791,2.1791,1.5896,1.2189,1.2189,1.0041,1.0041,0.8138,,,
38830000,01/01/95,0,0,0,1,1,,0,0,0,0,0,0,0,0,0,0,0,0,0,0,0,0,0,0,0,0,0,0,0,0,0,0,0,0,0,0,0
38830000,12/01/94,0,0,0,1,1,,0,0,0,0,0,0,0,0,0,0,0,0,0,0,0,0,0,0,0,0,0,0,0,0,0,0,0,0,0,0,0
38830000,11/01/94,0,0,0,1,1,,0,0,0,0,0,0,0,0,0,0,0,0,0,0,0,0,0,0,0,0,0,0,0,0,0,0,0,0,0,0,
38830000,10/01/94,0,0,0,1,1,,0,0,0,0,0,0,0,0,0,0,0,0,0,0,0,0,0,0,0,0,0,0,0,0,0,0,0,0,0,0,0
38830000,09/01/94,0,0,0,1,1,,0,0,0,0,0,0,0,0,0,0,0,0,0,0,0,0,0,0,0,0,0,0,0,0,0,0,0,0,0,0,
38830000,08/01/94,0,0,0,1,1,,0,0,0,0,0,0,0,0,0,0,0,0,0,0,0,0,0,0,0,0,0,0,0,0,0,0,0,0,0,0,0
38830000,07/01/94,1.2189,0,0.1634,8,1,0,0,0,0,0,0,0,0,1.2189,1.2189,0.9059,0.5028,0.3799,0.1932,0.1932,0.1268,0.1268,0.0765,0.0406,0.0406,0.0406,0,0,0,0,0,0,0,0,0,0,0
38830000,06/01/94,0.5028,0,0.1387,6,21,,0.2771,0.1932,0.1932,0.1268,0.0406,0.5028,0.3799,0.3799,0.3261,0.3799,0.2771,0.2771,0.1932,0.1268,0.1268,0.1268,0.0765,0.0765,0.0406,0.0406,0,0,0,0,0,0,0,0,0,0,
38830000,05/01/94,5.1961,0.0406,1.2214,5,2,,0.0765,0.0406,0.0406,2.3442,5.1961,3.0791,4.9276,3.0791,2.0212,1.2189,1.0041,0.8138,0.8138,2.0212,1.2189,1.2189,1.0041,1.0041,0.8138,0.3799,0.3799,1.2189,1.0041,0.8138,0.6471,0.3799,0.3799,0.2771,0.1932,0.1268,0.1268
38830000,04/01/94,7.3225,0.0406,0.7592,3,1,,0.0406,0.2329,7.3225,5.7591,1.5896,0.6471,0.5028,0.3799,0.2771,0.1932,0.1932,0.1268,0.1268,0.0765,0.1268,0.0765,0.0406,1.8704,1.0041,0.4388,0.2771,0.2771,0.2771,0.1932,0.1932,0.1268,0.1268,0.1268,0.0765,0.0765,
38830000,03/01/94,57.4787,0.0765,5.1016,21,7,0,0.2771,0.2771,0.1932,0.1932,0.1268,0.1932,0.0765,3.9381,3.0791,1.7266,0.8138,0.5028,0.3799,2.0212,0.5028,0.5028,0.3799,0.1268,0.0765,22.4468,57.4787,47409,1.4595,0.9059,2.5167,1.2189,4173,3.0791,1.5896,0.3261,0.1579
38830000,02/01/94,119.5223,0,5.1943,14,1,0,0,0,0,0,0,0,0,0,0,0,0,0,0,119.5223,5.4732,2.0212,1.1084,0.8138,0.6471,0.5722,5.4732,1.5896,3.7114,2.3442,1.0041,0.5028,0.3799,0.2771,,,
38830000,01/01/94,0,0,0,1,1,,0,0,0,0,0,0,0,0,0,0,0,0,0,0,0,0,0,0,0,0,0,0,0,0,0,0,0,0,0,0,0
38830000,12/01/93,0,0,0,1,1,,0,0,0,0,0,0,0,0,0,0,0,0,0,0,0,0,0,0,0,0,0,0,0,0,0,0,0,0,0,0,0
38830000,11/01/93,0,0,0,1,1,,0,0,0,0,0,0,0,0,0,0,0,0,0,0,0,0,0,0,0,0,0,0,0,0,0,0,0,0,0,0,
38830000,10/01/93,0,0,0,1,1,,0,0,0,0,0,0,0,0,0,0,0,0,0,0,0,0,0,0,0,0,0,0,0,0,0,0,0,0,0,0,0
38830000,09/01/93,0,0,0,1,1,,0,0,0,0,0,0,0,0,0,0,0,0,0,0,0,0,0,0,0,0,0,0,0,0,0,0,0,0,0,0,
38830000,08/01/93,0,0,0,1,1,,0,0,0,0,0,0,0,0,0,0,0,0,0,0,0,0,0,0,0,0,0,0,0,0,0,0,0,0,0,0,0
38830000,07/01/93,0,0,0,1,1,,0,0,0,0,0,0,0,0,0,0,0,0,0,0,0,0,0,0,0,0,0,0,0,0,0,0,0,0,0,0,0
38830000,06/01/93,0,0,0,1,1,,0,0,0,0,0,0,0,0,0,0,0,0,0,0,0,0,0,0,0,0,0,0,0,0,0,0,0,0,0,0,
38830000,05/01/93,0,0,0,1,1,,0,0,0,0,0,0,0,0,0,0,0,0,0,0,0,0,0,0,0,0,0,0,0,0,0,0,0,0,0,0,0
38830000,04/01/93,0,0,0,1,1,,0,0,0,0,0,0,0,0,0,0,0,0,0,0,0,0,0,0,0,0,0,0,0,0,0,0,0,0,0,0,
38830000,03/01/93,0,0,0,1,1,,0,0,0,0,0,0,0,0,0,0,0,0,0,0,0,0,0,0,0,0,0,0,0,0,0,0,0,0,0,0,0
38830000,02/01/93,0,0,0,1,1,,0,0,0,0,0,0,0,0,0,0,0,0,0,0,0,0,0,0,0,0,0,0,0,0,0,0,0,0,,,
38830000,01/01/93,0,0,0,1,1,,0,0,0,0,0,0,0,0,0,0,0,0,0,0,0,0,0,0,0,0,0,0,0,0,0,0,0,0,0,0,0
38830000,12/01/92,0,0,0,1,1,,0,0,0,0,0,0,0,0,0,0,0,0,0,0,0,0,0,0,0,0,0,0,0,0,0,0,0,0,0,0,0
38830000,11/01/92,0,0,0,1,1,,0,0,0,0,0,0,0,0,0,0,0,0,0,0,0,0,0,0,0,0,0,0,0,0,0,0,0,0,0,0,
38830000,10/01/92,0,0,0,1,1,,0,0,0,0,0,0,0,0,0,0,0,0,0,0,0,0,0,0,0,0,0,0,0,0,0,0,0,0,0,0,0
38830000,09/01/92,0,0,0,1,1,,0,0,0,0,0,0,0,0,0,0,0,0,0,0,0,0,0,0,0,0,0,0,0,0,0,0,0,0,0,0,
38830000,08/01/92,0,0,0,1,1,,0,0,0,0,0,0,0,0,0,0,0,0,0,0,0,0,0,0,0,0,0,0,0,0,0,0,0,0,0,0,0
38830000,07/01/92,0,0,0,1,1,,0,0,0,0,0,0,0,0,0,0,0,0,0,0,0,0,0,0,0,0,0,0,0,0,0,0,0,0,0,0,0
38830000,06/01/92,0,0,0,1,1,,0,0,0,0,0,0,0,0,0,0,0,0,0,0,0,0,0,0,0,0,0,0,0,0,0,0,0,0,0,0,
38830000,05/01/92,0.3799,0,35,1,4,,0.3799,0.3799,0.3261,0,0,0,0,0,0,0,0,0,0,0,0,0,0,0,0,0,0,0,0,0,0,0,0,0,0,0,0
38830000,04/01/92,8.3712,0.1268,1.8351,5,28,,2.1791,1.4595,6.9917,5.4732,8.3712,6.67,2.6966,2.6966,2.0212,1.5896,1.4595,1.4595,1.2189,1.8704,1.7266,1.2189,1.0041,1.0041,0.6471,0.5028,0.5028,0.5028,0.3799,0.3799,0.1932,0.1932,0.1932,0.1268,0.1932,0.1268,
38830000,03/01/92,1.4595,0.3799,0.8194,1,8,,1.4595,1.4595,1.4595,1.2189,0.8138,0.8138,0.4388,0.3799,0.8138,0.8138,0.8138,0.6471,0.5028,0.6471,0.6471,0.5028,0.5028,0.3799,0.3799,1.1084,0.8138,0.8138,1.0041,1.0041,0.8138,0.5028,0.5028,1.2189,1.1084,1.0041,0.8138
38830000,02/01/92,52.9537,1.4595,13.3852,1,29,0,52.9537,46.3273,47409,34.0821,18462,14.0696,13.3808,12.4989,15.1264,13.3808,12.7048,12.0408,10.7281,9.1178,7.3225,12.0408,9.9032,7.6627,7.3225,6.0538,5.1961,4.4161,3282,3.0791,2.5167,2.1791,1.7266,1.7266,1.4595,,
38830000,01/01/92,116.7211,0,11934,29,1,0,0,0,0,0,0,0,0,0,0,0,0,0,0,0,0,0,0,0,0,0,0,0,0,0,0,0,12.7048,52.9537,116.7211,109.9104,77.6633
38830000,12/01/91,0,0,0,1,1,,0,0,0,0,0,0,0,0,0,0,0,0,0,0,0,0,0,0,0,0,0,0,0,0,0,0,0,0,0,0,0
38830000,11/01/91,0,0,0,1,1,,0,0,0,0,0,0,0,0,0,0,0,0,0,0,0,0,0,0,0,0,0,0,0,0,0,0,0,0,0,0,
38830000,10/01/91,0,0,0,1,1,,0,0,0,0,0,0,0,0,0,0,0,0,0,0,0,0,0,0,0,0,0,0,0,0,0,0,0,0,0,0,0
38830000,09/01/91,0,0,0,1,1,,0,0,0,0,0,0,0,0,0,0,0,0,0,0,0,0,0,0,0,0,0,0,0,0,0,0,0,0,0,0,
38830000,08/01/91,0,0,0,1,1,,0,0,0,0,0,0,0,0,0,0,0,0,0,0,0,0,0,0,0,0,0,0,0,0,0,0,0,0,0,0,0
38830000,07/01/91,0,0,0,1,1,,0,0,0,0,0,0,0,0,0,0,0,0,0,0,0,0,0,0,0,0,0,0,0,0,0,0,0,0,0,0,0
38830000,06/01/91,0.3799,0,0.0404,1,5,,0.3799,0.2771,0.2771,0.2771,0,0,0,0,0,0,0,0,0,0,0,0,0,0,0,0,0,0,0,0,0,0,0,0,0,0,
38830000,05/01/91,3.9381,0.3799,1.0851,1,27,,3.9381,2.1791,1.4595,1.4595,2.3442,2.0212,2.0212,1.2189,1.2189,0.8138,1.0041,1.2189,1.0041,1.0041,0.8138,0.8138,0.8138,0.8138,0.8138,0.8138,0.8138,0.8138,0.8138,0.5028,0.5028,0.5028,0.3799,0.3799,0.3799,0.3799,0.3799
38830000,04/01/91,12.0408,0.6471,2.4154,1,26,,12.0408,9.9032,9.5056,7.3225,4.6676,3.0791,3.0791,2.0212,1.8704,1.4595,1.2189,1.0041,1.0041,1.0041,0.8138,1.0041,0.8138,0.8138,1.0041,1.0041,1.0041,0.8138,0.8138,0.8138,0.8138,0.6471,0.6471,0.6471,0.8138,0.8138,
38830000,03/01/91,132683,0,13.0794,30,1,0,0,0,0,0,0,0,0,0,0,0,0,0,0,29.8544,52.9537,41058,61.0149,13.0412,10.7281,6.9917,5.1961,4.9276,4.6676,4.4161,4.4161,2.6966,2.6966,2.6966,12.0408,132683,13.3808
38830000,02/01/91,0,0,0,1,1,0,0,0,0,0,0,0,0,0,0,0,0,0,0,0,0,0,0,0,0,0,0,0,0,0,0,0,0,0,,,
38830000,01/01/91,0,0,0,1,1,,0,0,0,0,0,0,0,0,0,0,0,0,0,0,0,0,0,0,0,0,0,0,0,0,0,0,0,0,0,0,0
38830000,12/01/90,0,0,0,1,1,,0,0,0,0,0,0,0,0,0,0,0,0,0,0,0,0,0,0,0,0,0,0,0,0,0,0,0,0,0,0,0
38830000,11/01/90,0,0,0,1,1,,0,0,0,0,0,0,0,0,0,0,0,0,0,0,0,0,0,0,0,0,0,0,0,0,0,0,0,0,0,0,
38830000,10/01/90,0,0,0,1,1,,0,0,0,0,0,0,0,0,0,0,0,0,0,0,0,0,0,0,0,0,0,0,0,0,0,0,0,0,0,0,0
38830000,09/01/90,0,0,0,1,1,,0,0,0,0,0,0,0,0,0,0,0,0,0,0,0,0,0,0,0,0,0,0,0,0,0,0,0,0,0,0,
38830000,08/01/90,0,0,0,1,1,,0,0,0,0,0,0,0,0,0,0,0,0,0,0,0,0,0,0,0,0,0,0,0,0,0,0,0,0,0,0,0
38830000,07/01/90,0.3799,0,0.0387,6,1,,0,0,0,0,0.1579,0.3799,0.1932,0.1932,0.1932,0.0406,0.0406,0,0,0,0,0,0,0,0,0,0,0,0,0,0,0,0,0,0,0,0
38830000,06/01/90,0,0,0,1,1,,0,0,0,0,0,0,0,0,0,0,0,0,0,0,0,0,0,0,0,0,0,0,0,0,0,0,0,0,0,0,
38830000,05/01/90,0,0,0,1,1,,0,0,0,0,0,0,0,0,0,0,0,0,0,0,0,0,0,0,0,0,0,0,0,0,0,0,0,0,0,0,0
38830000,04/01/90,0,0,0,1,1,,0,0,0,0,0,0,0,0,0,0,0,0,0,0,0,0,0,0,0,0,0,0,0,0,0,0,0,0,0,0,
38830000,03/01/90,1.0041,0,0.3518,3,27,,0.8138,0.6471,1.0041,1.0041,0.8138,0.6471,0.6471,0.3799,0.3799,0.3799,0.3799,0.2771,0.2771,0.3799,0.3799,0.2771,0.2771,0.2771,0.2771,0.2771,0.2771,0.1932,0.1932,0.1932,0.1268,0.1268,0,0,0,0,0
38830000,02/01/90,51.8268,0.0048,5.9934,9,4,,0.0174,0.0174,0.0174,0.0048,0.0048,0.0048,0.0048,0.0048,51.8268,47409,46.3273,12.0408,4.4161,0.5028,0.3799,0.3799,0.3799,0.3799,0.3799,0.1932,0.1932,0.1932,0.2771,0.2771,0.2771,0.2771,0.8138,0.8138,,,
38830000,01/01/90,0.8138,0.0174,0.2592,1,29,,0.8138,0.6471,0.6471,0.6471,0.6471,0.5028,0.5028,0.5028,0.3799,0.2771,0.2771,0.2771,0.2771,0.2771,0.1932,0.1932,0.1932,0.1268,0.1268,0.0765,0.0765,0.0765,0.0406,0.0406,0.0406,0.0406,0.0406,0.0406,0.0174,0.0174,0.0174
38830000,12/01/89,67547,0,10.9441,25,1,0,0,0,0,0,0,0,0,0,0,0,0,0,0,0,0,0,0,0,0,0,0,0,6.3574,4.4161,67547,66.5866,61.0149,61.0149,61.0149,10.3107,1.0041
38830000,11/01/89,0.2771,0,0.0899,1,24,,0.2771,0.2771,0.2771,0.1932,0.1932,0.1268,0.1268,0.1268,0.1268,0.1268,0.1268,0.1268,0.1268,0.1268,0.0765,0.0765,0.0569,0.0406,0.0174,0.0174,0.0174,0.0174,0.0174,0,0,0,0,0,0,0,
38830000,10/01/89,0.3799,0,0.1169,19,1,,0,0,0,0,0,0,0,0,0,0,0,0,0,0,0,0,0,0,0.3799,0.3799,0.2771,0.2771,0.1932,0.1932,0.1932,0.1932,0.2771,0.3799,0.3261,0.2771,0.2771
38830000,09/01/89,0.0174,0,0.0024,1,8,,0.0174,0.0174,0.0174,0.0048,0.0048,0.0048,0.0048,0,0,0,0,0,0,0,0,0,0,0,0,0,0,0,0,0,0,0,0,0,0,0,
38830000,08/01/89,0.2771,0.0174,0.1085,5,27,,0.1932,0.1932,0.1932,0.1932,0.2771,0.2771,0.1932,0.1932,0.1268,0.1268,0.1268,0.1268,0.1268,0.1268,0.1268,0.1268,0.0765,0.0765,0.0765,0.0765,0.0406,0.0406,0.0406,0.0406,0.0406,0.0406,0.0174,0.0174,0.0174,0.0174,0.0174
38830000,07/01/89,2.3442,0.0174,0.5734,8,6,,0.0765,0.0406,0.0406,0.0406,0.0275,0.0174,0.0765,2.3442,2.0212,2.0212,1.7266,1.4595,1.1084,1.0041,0.6471,0.5028,0.5028,0.5028,0.5028,0.3799,0.3799,0.2771,0.2771,0.2771,0.2771,0.2771,0.1932,0.1932,0.1932,0.1932,0.1932
38830000,06/01/89,0.3799,0.0275,0.1255,14,9,,0.0765,0.0765,0.0569,0.0765,0.0765,0.0406,0.0569,0.0406,0.0275,0.0406,0.0406,0.0275,0.0406,0.3799,0.3799,0.2771,0.2329,0.2771,0.1932,0.1932,0.1268,0.1268,0.1268,0.0765,0.0765,0.1932,0.1268,0.0998,0.0998,0.0998,
38830000,05/01/89,9.1178,0.0765,1.5674,13,29,,2.0212,4173,3.0791,2884,2.1791,1.3359,0.9059,0.7275,0.7275,0.4388,0.3261,0.5028,9.1178,8.0122,6.67,1.8704,0.6471,0.3799,0.3261,0.1932,0.3799,0.2771,0.1932,0.1268,0.2771,0.1932,0.1932,0.0998,0.0765,0.1268,0.1268
38830000,04/01/89,78.7272,0.1268,12.7927,19,4,0,44.7221,7.3225,0.1932,0.1268,0.1268,3.4927,2.6966,62.8361,51.8268,50.1532,8.7397,9.5056,4.6676,3.4927,4.4161,3.4927,1.7266,2.5167,78.7272,12.7048,6.0538,3.0791,2.0212,3.0791,3.0791,2.3442,3.0791,2.5167,2.6966,2.3442,
38830000,03/01/89,12.0408,0,942,30,1,,0,0,0,0,0,0,0,0,0,0,0,0,0,0,0,0,0,0,0,0,0,0,0.7275,0.0406,0.2771,0.0406,1.2189,1.0041,11.1555,12.0408,2.6966
38830000,02/01/89,0,0,0,1,1,,0,0,0,0,0,0,0,0,0,0,0,0,0,0,0,0,0,0,0,0,0,0,0,0,0,0,0,0,,,
38830000,01/01/89,0,0,0,1,1,,0,0,0,0,0,0,0,0,0,0,0,0,0,0,0,0,0,0,0,0,0,0,0,0,0,0,0,0,0,0,0
38830000,12/01/88,0,0,0,1,1,,0,0,0,0,0,0,0,0,0,0,0,0,0,0,0,0,0,0,0,0,0,0,0,0,0,0,0,0,0,0,0
38830000,11/01/88,0,0,0,1,1,,0,0,0,0,0,0,0,0,0,0,0,0,0,0,0,0,0,0,0,0,0,0,0,0,0,0,0,0,0,0,
38830000,10/01/88,0,0,0,1,1,,0,0,0,0,0,0,0,0,0,0,0,0,0,0,0,0,0,0,0,0,0,0,0,0,0,0,0,0,0,0,0
38830000,09/01/88,0,0,0,1,1,,0,0,0,0,0,0,0,0,0,0,0,0,0,0,0,0,0,0,0,0,0,0,0,0,0,0,0,0,0,0,
38830000,08/01/88,0,0,0,1,1,,0,0,0,0,0,0,0,0,0,0,0,0,0,0,0,0,0,0,0,0,0,0,0,0,0,0,0,0,0,0,0
38830000,07/01/88,0,0,0,1,1,,0,0,0,0,0,0,0,0,0,0,0,0,0,0,0,0,0,0,0,0,0,0,0,0,0,0,0,0,0,0,0
38830000,06/01/88,0,0,0,1,1,,0,0,0,0,0,0,0,0,0,0,0,0,0,0,0,0,0,0,0,0,0,0,0,0,0,0,0,0,0,0,
38830000,05/01/88,2.1791,0,0.2319,1,17,,2.1791,1.4595,0.9059,0.5028,0.5028,0.3261,0.2771,0.1932,0.1932,0.1268,0.1268,0.1268,0.0765,0.0765,0.0765,0.0406,0,0,0,0,0,0,0,0,0,0,0,0,0,0,0
38830000,04/01/88,14.0696,0.0406,2.2444,17,14,,0.5028,0.3799,0.2771,0.1932,0.1268,0.0998,0.0765,0.0765,0.0765,0.0569,0.0569,0.0569,0.0765,0.0406,0.0406,0.0406,14.0696,8.0122,6.67,2884,2.1791,2.0212,1.2189,6.0538,5.4732,6.67,2.6966,2.5167,2.3442,2.3442,
38830000,03/01/88,41.5744,0.0569,6.3178,22,9,,0.3799,0.4388,7.6627,0.5028,0.1268,0.1268,0.0765,0.0765,0.0569,1.3359,0.2771,0.2329,0.1268,7.6627,25.8361,3.9381,3282,14771,1.5896,14.4188,14771,41.5744,13.3808,4.9276,20.0215,11.5931,3.0791,1.7266,0.9059,0.5722,0.3799
38830000,02/01/88,5.4732,0,0.3435,26,1,,0,0,0,0,0,0,0,0,0,0,0,0,0,0,0,0,0,0,0,0,0,0,0,1.2189,1.2189,5.4732,1.1084,0.5028,0.4388,,
38830000,01/01/88,0,0,0,1,1,,0,0,0,0,0,0,0,0,0,0,0,0,0,0,0,0,0,0,0,0,0,0,0,0,0,0,0,0,0,0,0
38830000,12/01/87,0,0,0,1,1,,0,0,0,0,0,0,0,0,0,0,0,0,0,0,0,0,0,0,0,0,0,0,0,0,0,0,0,0,0,0,0
38830000,11/01/87,0.0275,0,0.0039,1,8,,0.0275,0.0275,0.0275,0.0174,0.0174,3.00E-04,3.00E-04,0,0,0,0,0,0,0,0,0,0,0,0,0,0,0,0,0,0,0,0,0,0,0,
38830000,10/01/87,0.0765,0.0275,0.0453,5,7,,0.0406,0.0406,0.0406,0.0569,0.0765,0.0406,0.0275,0.0275,0.0406,0.0765,0.0765,0.0569,0.0569,0.0569,0.0569,0.0569,0.0765,0.0765,0.0406,0.0406,0.0275,0.0275,0.0275,0.0275,0.0406,0.0406,0.0406,0.0275,0.0275,0.0275,0.0275
38830000,09/01/87,0.0765,0.0406,0.0545,8,3,,0.0569,0.0569,0.0406,0.0406,0.0406,0.0406,0.0406,0.0765,0.0765,0.0765,0.0569,0.0569,0.0406,0.0406,0.0569,0.0569,0.0406,0.0406,0.0569,0.0765,0.0765,0.0765,0.0765,0.0765,0.0406,0.0406,0.0406,0.0406,0.0569,0.0406,
38830000,08/01/87,0.0765,0.0174,46,18,6,,0.0569,0.0569,0.0406,0.0406,0.0275,0.0174,0.0406,0.0406,0.0275,0.0275,0.0174,0.0174,0.0275,0.0406,0.0406,0.0406,0.0406,0.0765,0.0765,0.0569,0.0569,0.0569,0.0569,0.0569,0.0406,0.0406,0.0406,0.0765,0.0765,0.0569,0.0569
38830000,07/01/87,0.1932,0.0765,0.1239,3,1,,0.0765,0.0765,0.1932,0.1268,0.1932,0.1932,0.1932,0.1579,0.1579,0.1932,0.1579,0.1268,0.1268,0.1268,0.1268,0.0998,0.0998,0.1268,0.1268,0.1268,0.0998,0.0765,0.0765,0.0765,0.1268,0.1268,0.0998,0.0998,0.0765,0.0765,0.0998
38830000,06/01/87,0.1932,0.0406,0.1115,12,1,,0.0406,0.0406,0.0569,0.0765,0.0765,0.1268,0.1268,0.0998,0.1579,0.1268,0.1268,0.1932,0.1932,0.1932,0.1932,0.1268,0.1268,0.0998,0.0998,0.0765,0.0765,0.0765,0.0998,0.0765,0.0765,0.0998,0.1268,0.1268,0.1268,0.0998,
38830000,05/01/87,2884,0.0174,0.3071,4,24,,0.9059,0.8138,0.6471,2884,0.9059,0.6471,0.5722,0.3799,0.2771,0.1932,0.1268,0.1268,0.0765,0.0406,0.0569,0.0569,0.0569,0.0406,0.0998,0.0569,0.1268,0.0765,0.0406,0.0174,0.0174,0.0406,0.0569,0.0406,0.0406,0.0406,0.0569
38830000,04/01/87,8.7397,0,1.6598,1,24,,8.7397,6.3574,4.6676,3.0791,4.4161,5.7591,3.0791,2.0212,1.7266,1.2189,1.8704,1.3359,1.0041,0.8138,0.7275,0.6471,0.5028,0.4388,0.3799,0.3799,0.2771,0.1932,0.1579,0,0,0,0,0,0,0,
38830000,03/01/87,37.0133,0,5.2244,29,1,0,0,0,0,32.1777,12.4989,6.67,2.5167,1.7266,1.2189,1.0041,1.0041,0.8138,1.3359,1.4595,1.2189,2.0212,1.3359,1.2189,0.8138,0.8138,0.6471,0.5028,3.9381,3.4927,2.0212,1.1084,0.8138,0.6471,37.0133,27.1518,14771
38830000,02/01/87,12.0408,0,1004,11,1,,0,0,0,0,0,0,0,0,0,0.1268,12.0408,2.1791,4.4161,3.9381,2.3442,1.1084,0.8138,0.5722,0.5722,0,0,0,0,0,0,0,0,0,,,
38830000,01/01/87,0,0,0,1,1,,0,0,0,0,0,0,0,0,0,0,0,0,0,0,0,0,0,0,0,0,0,0,0,0,0,0,0,0,0,0,0
38830000,12/01/86,0,0,0,1,1,,0,0,0,0,0,0,0,0,0,0,0,0,0,0,0,0,0,0,0,0,0,0,0,0,0,0,0,0,0,0,0
38830000,11/01/86,0,0,0,1,1,,0,0,0,0,0,0,0,0,0,0,0,0,0,0,0,0,0,0,0,0,0,0,0,0,0,0,0,0,0,0,
38830000,10/01/86,0.3261,0,0.0137,1,3,,0.3261,0.0998,0,0,0,0,0,0,0,0,0,0,0,0,0,0,0,0,0,0,0,0,0,0,0,0,0,0,0,0,0
38830000,09/01/86,0.9059,0.2329,0.5645,23,29,,0.6471,0.5028,0.5028,0.7275,0.8138,0.6471,0.5028,0.5722,0.4388,0.3799,0.3261,0.4388,0.3799,0.5028,0.8138,0.6471,0.7275,0.6471,0.4388,0.5028,0.5722,0.6471,0.9059,0.8138,0.7275,0.6471,0.5722,0.3799,0.2329,0.2771,
38830000,08/01/86,2884,0.1932,1.0344,1,26,,2884,2.3442,2884,2884,2.5167,2.1791,1.8704,1.7266,1.3359,1.1084,0.9059,0.7275,0.5722,0.5028,0.7275,0.7275,0.6471,0.5028,0.3799,0.2771,0.5028,0.6471,0.4388,0.3261,0.2771,0.1932,0.3799,0.3799,0.2771,0.4388,0.5028
38830000,07/01/86,,,4.01,,,,,,,,,,,,,,,,,,0.8138,1.1084,2.3442,1.4595,1.1084,1.3359,3282,2.6966,1.7266,1.0041,0.7275,0.6471,0.8138,0.9059,0.6471,0.5722,0.5028
38830000,06/01/86,2.0212,0.2771,1.2121,3,29,,1.8704,1.7266,2.0212,1.5896,1.5896,2.0212,1.8704,1.4595,1.2189,1.5896,1.3359,1.0041,1.3359,1.3359,1.0041,1.3359,1.4595,1.1084,1.4595,1.2189,1.1084,1.0041,0.8138,0.7275,0.7275,0.8138,0.5722,0.4388,0.2771,0.3261,
38830000,05/01/86,245.7851,2.1791,22.9181,1,31,0,245.7851,66.5866,41.5744,37.5104,35.0493,33.6022,31.7079,28.9431,27.1518,25.4029,21.2214,17.6998,15.1264,13.7237,7.6627,6.0538,5.4732,4.6676,3.9381,3282,3.0791,2.6966,3.0791,3.4927,4173,5.1961,4.6676,3.9381,3282,2.5167,2.1791
38830000,04/01/86,70.4834,8.7397,19.5906,30,16,0,15.8465,29.8544,28.0422,25.8361,22.8608,18.8475,15.4849,11.1555,19236,25.8361,20.4187,17.3231,13.3808,11.5931,10.3107,8.7397,9.1178,21.2214,15.1264,9.9032,9.1178,18.0794,18462,14771,9.9032,42.0931,27.5957,15.4849,11.5931,70.4834,
38830000,03/01/86,294.3271,5.7591,65863,3,31,0,245.7851,132683,294.3271,98.3284,68.5165,61.9211,59.2292,52.3891,47.9533,86.4475,67547,62.8361,111.2507,70.4834,73.5037,69.4953,61.9211,58.3496,77.6633,78.7272,71.4808,16.5787,12.4989,9.9032,8.7397,6.9917,6.9917,9.1178,7.6627,6.67,5.7591
38830000,02/01/86,105954,0,13.0632,10,1,0,0,0,0,0,0,0,0.0017,9.9032,27.5957,105954,20.4187,17.6998,15.4849,13.0412,9.9032,9.9032,8.3712,6.67,3282,2.0212,0.4388,0.2329,0.8138,0.0569,0.0099,0,61.0149,52.9537,,,
38830000,01/01/86,22.4468,0,0.8101,3,1,,0,0,22.4468,1.1084,0.5028,0.3261,0.3261,0.2771,0.0998,0.0275,0,0,0,0,0,0,0,0,0,0,0,0,0,0,0,0,0,0,0,0,0
38830000,12/01/85,0,0,0,1,1,,0,0,0,0,0,0,0,0,0,0,0,0,0,0,0,0,0,0,0,0,0,0,0,0,0,0,0,0,0,0,0
38830000,11/01/85,0,0,0,1,1,,0,0,0,0,0,0,0,0,0,0,0,0,0,0,0,0,0,0,0,0,0,0,0,0,0,0,0,0,0,0,
38830000,10/01/85,0,0,0,1,1,,0,0,0,0,0,0,0,0,0,0,0,0,0,0,0,0,0,0,0,0,0,0,0,0,0,0,0,0,0,0,0
38830000,09/01/85,12.0408,0,0.7537,11,20,,0.4388,0.4388,0.2771,0.1579,0.0765,0.0406,0.0275,0.0275,0.0099,4.6676,12.0408,2.6966,1.2189,0.3261,0.1268,0.0275,0.0099,0.0017,3.00E-04,0,0,0,0,0,0,0,0,0,0,0,
38830000,08/01/85,2.1791,0.0275,0.7008,13,31,,1.0041,1.0041,0.9059,0.5722,0.5028,0.7275,0.6471,0.5722,0.5028,1.0041,0.5722,0.5028,2.1791,1.8704,1.3359,1.1084,1.0041,0.9059,0.8138,0.5028,0.4388,0.5028,0.5722,0.3261,0.3261,0.4388,0.4388,0.2329,0.1268,0.0569,0.0275
38830000,07/01/85,3.7114,0.6471,1758,2,24,,3282,3.7114,3.0791,2.6966,2.1791,1.7266,3.4927,3282,2.1791,1.7266,1.3359,1.5896,1.5896,1.3359,1.2189,1.5896,1.3359,1.5896,1.5896,1.2189,1.3359,1.0041,0.9059,0.6471,1.7266,1.4595,1.3359,1.0041,1.2189,1.0041,1.1084
38830000,06/01/85,123.8076,1.3359,17942,7,5,0,2.6966,2.3442,2.0212,1.7266,1.3359,103.3699,123.8076,37.0133,18462,15.4849,12.7048,27.1518,21.6271,14.4188,13.7237,10.3107,9.5056,9.5056,14.0696,20.4187,13.3808,13.0412,12.0408,7.6627,6.67,5.7591,4.9276,5.1961,4173,3.7114,
38830000,05/01/85,98.3284,3.0791,22.5363,1,31,0,98.3284,73.5037,66.5866,47409,40544,38.01,34.5644,29.8544,26.7106,19.6273,19236,18.0794,17.3231,16.5787,15.8465,15.4849,14771,13.0412,12.4989,11.5931,10.7281,8.7397,7.3225,7.3225,6.9917,6.9917,5.7591,4.6676,3.9381,3.4927,3.0791
38830000,04/01/85,552038,54.9182,186.4043,26,21,0,78.7272,70.4834,65.6354,80884,140.3952,223.6562,206.9414,239,274.2094,202.8971,544.2447,536525,521.3054,320.8278,198.9058,87.59,63.7602,94.6567,78.7272,61.0149,54.9182,252.6974,167.0717,89905,70.4834,552038,86.4475,64.6932,60.1177,103.3699,
38830000,03/01/85,1599.1891,3.0791,94.4018,27,16,0,6.3574,5.4732,6.3574,17.3231,15.4849,14.4188,6.3574,5.1961,4.4161,6.0538,7.3225,6.67,5.1961,4173,3282,3.0791,3.9381,15.1264,19236,27.5957,13.3808,10.7281,8.0122,5.7591,14771,219.3962,1599.1891,363.4891,245.7851,170.6263,92.2605
38830000,02/01/85,621.3065,5.7591,141.8056,23,28,0,8.7397,15.4849,6.3574,12.0408,42.0931,36.0264,30.3139,26.7106,25.8361,27.1518,49.5998,165.3131,73.5037,179.7326,158.4019,143.5619,134.2022,378.5074,221.5194,326.3119,269.3274,208.9836,621.3065,583.9554,148.4007,52.9537,18462,5.7591,,,
38830000,01/01/85,110.5239,0,5.0116,26,1,,0,0,0,0,0,0,0,0,0,0,0,0,0,0,0,0,0,0,0,0,0,0,0,0,0,110.5239,18.0794,8.7397,8.3712,5.4732,4173
38830000,12/01/84,0,0,0,1,1,,0,0,0,0,0,0,0,0,0,0,0,0,0,0,0,0,0,0,0,0,0,0,0,0,0,0,0,0,0,0,0
38830000,11/01/84,0,0,0,1,1,,0,0,0,0,0,0,0,0,0,0,0,0,0,0,0,0,0,0,0,0,0,0,0,0,0,0,0,0,0,0,
38830000,10/01/84,0,0,0,1,1,,0,0,0,0,0,0,0,0,0,0,0,0,0,0,0,0,0,0,0,0,0,0,0,0,0,0,0,0,0,0,0
38830000,09/01/84,0.0106,0,4.00E-04,11,1,,0,0,0,0,0,0,0,0,0,0,0.0106,4.00E-04,0,0,0,0,0,0,0,0,0,0,0,0,0,0,0,0,0,0,
38830000,08/01/84,4.6824,0,0.2628,26,1,0,0,0,0,0,0,0,0,0,0,0,0,0,0,0,0,0,0,0,0,0,0,0,0,0,0,4.6824,1.5308,1128,0.7103,0.0888,0.0064
38830000,07/01/84,141,0,0.0202,22,1,0,0,0,0,0,0,0,0,0,0,0,0.0064,0.0014,0.0014,0,0,0,0,0,0,0.0014,0.1129,141,0.0888,0.0375,0.0684,0.0888,0.0514,0.0176,0.0064,0.0014,1.00E-04
38830000,06/01/84,1.6838,0,0.3031,3,23,0,1.5308,1128,1.6838,1.0114,1.0114,0.6252,0.4759,0.3524,0.2525,0.2525,141,0.0888,0.1129,0.1129,0.0684,0.0375,0.0375,0.0888,0.0375,0.0263,0.0033,1.00E-04,0,1.00E-04,0.0064,0.0064,1.00E-04,4.00E-04,0,0,
38830000,05/01/84,50.0275,1.0114,9.6673,27,12,0,7.65,5.3349,4.0855,3807,3.5415,3.0481,2.3974,2.2031,1.8466,1.2532,1.2532,1.0114,43.2498,21.9743,8.0913,5.6827,2.6028,1.8466,2.2031,8.5491,8.5491,5.0016,2.0196,7.65,19.2535,44.6993,50.0275,15.3834,7.65,5.0016,2.8196
38830000,04/01/84,1200.2994,0.2525,122.8386,6,26,0,4173,70.4834,183464,245.7851,552038,1200.2994,642729,289.2085,97.0941,22.4468,11.1555,14771,12.0408,17.6998,18.0794,16.2111,14.0696,14.4188,89905,52.4348,22.0355,8.3712,25.4029,14.4188,8.7397,0.2525,5.0016,4.6824,18.2314,9.5161,
38830000,03/01/84,33.1249,0,4.0415,11,3,,19236,0.9059,0,0,0,5.1961,0.4388,3.9381,20.8186,0.4388,33.1249,5.1961,2.5167,4.4161,2.0212,6.9917,2.6966,1.2189,1.0041,1.1084,1.0041,0.6471,0.1932,0.1268,1.2189,1.7266,4.6676,2.3442,1.0041,0.6471,0.4388
38830000,02/01/84,,,10.54,,,,0,0,0,0,0,0,0,0,0,0,0,0,0,0,0,0,0,0,0,0,0,0,0,0,0,0,0,0,,,
38830000,01/01/84,0,0,0,1,1,,0,0,0,0,0,0,0,0,0,0,0,0,0,0,0,0,0,0,0,0,0,0,0,0,0,0,0,0,0,0,0
38830000,12/01/83,0,0,0,1,1,,0,0,0,0,0,0,0,0,0,0,0,0,0,0,0,0,0,0,0,0,0,0,0,0,0,0,0,0,0,0,0
38830000,11/01/83,0,0,0,1,1,,0,0,0,0,0,0,0,0,0,0,0,0,0,0,0,0,0,0,0,0,0,0,0,0,0,0,0,0,0,0,
38830000,10/01/83,0,0,0,1,1,,0,0,0,0,0,0,0,0,0,0,0,0,0,0,0,0,0,0,0,0,0,0,0,0,0,0,0,0,0,0,0
38830000,09/01/83,0,0,0,1,1,,0,0,0,0,0,0,0,0,0,0,0,0,0,0,0,0,0,0,0,0,0,0,0,0,0,0,0,0,0,0,
38830000,08/01/83,0,0,0,1,1,,0,0,0,0,0,0,0,0,0,0,0,0,0,0,0,0,0,0,0,0,0,0,0,0,0,0,0,0,0,0,0
38830000,07/01/83,0,0,0,1,1,,0,0,0,0,0,0,0,0,0,0,0,0,0,0,0,0,0,0,0,0,0,0,0,0,0,0,0,0,0,0,0
38830000,06/01/83,0,0,0,1,1,,0,0,0,0,0,0,0,0,0,0,0,0,0,0,0,0,0,0,0,0,0,0,0,0,0,0,0,0,0,0,
38830000,05/01/83,0,0,0,1,1,,0,0,0,0,0,0,0,0,0,0,0,0,0,0,0,0,0,0,0,0,0,0,0,0,0,0,0,0,0,0,0
38830000,04/01/83,12.0408,0,2.3293,6,30,,3.4927,2.5167,1.7266,1.0041,0.6471,12.0408,10.7281,7.3225,3.4927,2.3442,2.0212,1.7266,1.2189,2.1791,1.8704,1.4595,2.6966,3.9381,1.4595,1.0041,1.0041,0.8138,0.7275,0.5722,0.3799,0.2329,0.6471,0.3799,0.2329,0,
38830000,03/01/83,18462,0.0569,4.4024,14,5,,0.3799,0.2329,0.1268,0.1268,0.0569,9.9032,17.6998,5.1961,2.3442,3282,1.7266,1.4595,1.1084,18462,11.1555,1.7266,0.8138,0.6471,0.4388,0.2771,0.2771,3.0791,8.3712,12.7048,5.1961,0.7275,0.2771,1.2189,14.4188,8.3712,4.6676
38830000,02/01/83,113.9641,0,9.3619,8,1,0,0,0,0,0,0,0,0,113.9641,58.3496,10.3107,6.0538,4.9276,4173,3.7114,3282,1.7266,1.4595,16.2111,14.4188,9.5056,4173,2.3442,2.0212,1.7266,1.2189,1.0041,0.9059,0.6471,,,
38830000,01/01/83,0,0,0,1,1,,0,0,0,0,0,0,0,0,0,0,0,0,0,0,0,0,0,0,0,0,0,0,0,0,0,0,0,0,0,0,0
38830000,12/01/82,0,0,0,1,1,,0,0,0,0,0,0,0,0,0,0,0,0,0,0,0,0,0,0,0,0,0,0,0,0,0,0,0,0,0,0,0
38830000,11/01/82,0,0,0,1,1,,0,0,0,0,0,0,0,0,0,0,0,0,0,0,0,0,0,0,0,0,0,0,0,0,0,0,0,0,0,0,
38830000,10/01/82,0,0,0,1,1,,0,0,0,0,0,0,0,0,0,0,0,0,0,0,0,0,0,0,0,0,0,0,0,0,0,0,0,0,0,0,0
38830000,09/01/82,0,0,0,1,1,,0,0,0,0,0,0,0,0,0,0,0,0,0,0,0,0,0,0,0,0,0,0,0,0,0,0,0,0,0,0,
38830000,08/01/82,0,0,0,1,1,,0,0,0,0,0,0,0,0,0,0,0,0,0,0,0,0,0,0,0,0,0,0,0,0,0,0,0,0,0,0,0
38830000,07/01/82,0,0,0,1,1,,0,0,0,0,0,0,0,0,0,0,0,0,0,0,0,0,0,0,0,0,0,0,0,0,0,0,0,0,0,0,0
38830000,06/01/82,0,0,0,1,1,,0,0,0,0,0,0,0,0,0,0,0,0,0,0,0,0,0,0,0,0,0,0,0,0,0,0,0,0,0,0,
38830000,05/01/82,13.3808,0,3182,9,21,,0.5028,1.4595,12.0408,12.0408,9.9032,8.7397,11.1555,10.3107,13.3808,6.67,4.6676,3.4927,2.1791,0.9059,0.5028,0.3261,0.1932,0.0765,0.0765,0.0174,0,0,0,0,0,0,0,0,0,0,0
38830000,04/01/82,15.1264,0,0.9038,24,1,,0,0,0,0,0,0,0,0,0,0,0,0,0,0,0,0,0,0,0,0,0,0,0,15.1264,6.3574,3282,1.1084,0.2771,0.0569,0.9059,
38830000,03/01/82,0,0,0,1,1,,0,0,0,0,0,0,0,0,0,0,0,0,0,0,0,0,0,0,0,0,0,0,0,0,0,0,0,0,0,0,0
38830000,02/01/82,0,0,0,1,1,,0,0,0,0,0,0,0,0,0,0,0,0,0,0,0,0,0,0,0,0,0,0,0,0,0,0,0,0,,,
38830000,01/01/82,0,0,0,1,1,,0,0,0,0,0,0,0,0,0,0,0,0,0,0,0,0,0,0,0,0,0,0,0,0,0,0,0,0,0,0,0
38830000,12/01/81,0,0,0,1,1,,0,0,0,0,0,0,0,0,0,0,0,0,0,0,0,0,0,0,0,0,0,0,0,0,0,0,0,0,0,0,0
38830000,11/01/81,0,0,0,1,1,,0,0,0,0,0,0,0,0,0,0,0,0,0,0,0,0,0,0,0,0,0,0,0,0,0,0,0,0,0,0,
38830000,10/01/81,0,0,0,1,1,,0,0,0,0,0,0,0,0,0,0,0,0,0,0,0,0,0,0,0,0,0,0,0,0,0,0,0,0,0,0,0
38830000,09/01/81,0,0,0,1,1,,0,0,0,0,0,0,0,0,0,0,0,0,0,0,0,0,0,0,0,0,0,0,0,0,0,0,0,0,0,0,
38830000,08/01/81,0,0,0,1,1,,0,0,0,0,0,0,0,0,0,0,0,0,0,0,0,0,0,0,0,0,0,0,0,0,0,0,0,0,0,0,0
38830000,07/01/81,0,0,0,1,1,0,0,0,0,0,0,0,0,0,0,0,0,0,0,0,0,0,0,0,0,0,0,0,0,0,0,0,0,0,0,0,0
38830000,06/01/81,,,0,,,,0.1268,0.0998,0.0765,0.0275,,,,,,,,,,,,,,,,,,,,,,,,,,,
38830000,05/01/81,4.6676,0.1268,1372,1,31,0,4.6676,4.4161,4173,3.7114,3282,2.5167,2.1791,1.7266,1.5896,1.4595,1.3359,0.9059,0.7275,0.6471,0.6471,0.5722,0.7275,0.9059,0.9059,0.9059,0.7275,0.7275,0.6471,0.5722,0.4388,0.3799,0.3261,0.2329,0.1579,0.1932,0.1268
38830000,04/01/81,559.9054,5.1961,60.1874,1,30,0,559.9054,320.8278,156.7048,111.2507,92.2605,75.5644,61.0149,48.4999,40544,37.0133,33.1249,29.8544,26272,24.5446,22.8608,20.0215,18.0794,17.3231,16.2111,14.4188,12.0408,10.3107,9.5056,8.7397,8.0122,7.3225,6.67,6.0538,5.4732,5.1961,
38830000,03/01/81,950543,0,149.3366,31,1,0,0,0,0,0,0,0,0,0,0,0,0,0,257.3768,49.2417,131.1752,37.5104,39.5232,15.8465,8.3712,16.2111,189.1573,168.8428,709.9396,733.3423,326.3119,167.0717,92.2605,286.6716,211.0391,239,950543
38830000,02/01/81,0.1268,0,0.0052,1,3,0,0.1268,0.0174,0,0,0,0,0,0,0,0,0,0,0,0,0,0,0,0,0,0,0,0,0,0,0,0,0,0,,,
38830000,01/01/81,,,0,,,,,,,,,,,,,,,,,,,,,,,,,,,,7.6627,3.7114,2.0212,1.3359,0.6471,0.4388,0.2771
38830000,12/01/80,0,0,0,1,1,,0,0,0,0,0,0,0,0,0,0,0,0,0,0,0,0,0,0,0,0,0,0,0,0,0,0,0,0,0,0,0
38830000,11/01/80,0,0,0,1,1,,0,0,0,0,0,0,0,0,0,0,0,0,0,0,0,0,0,0,0,0,0,0,0,0,0,0,0,0,0,0,
38830000,10/01/80,0,0,0,1,1,,0,0,0,0,0,0,0,0,0,0,0,0,0,0,0,0,0,0,0,0,0,0,0,0,0,0,0,0,0,0,0
38830000,09/01/80,0,0,0,1,1,,0,0,0,0,0,0,0,0,0,0,0,0,0,0,0,0,0,0,0,0,0,0,0,0,0,0,0,0,0,0,
38830000,08/01/80,0,0,0,1,1,,0,0,0,0,0,0,0,0,0,0,0,0,0,0,0,0,0,0,0,0,0,0,0,0,0,0,0,0,0,0,0
38830000,07/01/80,0,0,0,1,1,,0,0,0,0,0,0,0,0,0,0,0,0,0,0,0,0,0,0,0,0,0,0,0,0,0,0,0,0,0,0,0
38830000,06/01/80,29.3974,0,1.0272,22,1,,0,0,0,0,0,0,0,0,0,0,0,0,0,0,0,0,0,0,0,0,0,29.3974,1.0041,0.3261,0.0765,0.0099,0.0017,0,0,0,
38830000,05/01/80,0.1932,0,0.0122,1,6,,0.1932,0.1268,0.0406,0.0174,3.00E-04,0,0,0,0,0,0,0,0,0,0,0,0,0,0,0,0,0,0,0,0,0,0,0,0,0,0
38830000,04/01/80,32.65,0.3799,9.0872,3,30,,1.0041,22.0355,32.65,19236,12.0408,7.3225,18.0794,21.2214,13.3808,12.7048,11.1555,10.3107,8.7397,7.3225,19.6273,11.5931,8.7397,7.3225,6.0538,4.4161,3.4927,3.0791,2.6966,2.0212,1.8704,1.4595,1.1084,0.9059,0.6471,0.3799,
38830000,03/01/80,22.0355,0.1579,8.6059,6,31,0,3.0791,2.6966,13.7237,18462,15.4849,22.0355,16.9494,16.2111,15.4849,13.7237,12.4989,9.9032,8.0122,6.9917,13.3808,18.0794,12.7048,10.3107,9.1178,6.9917,5.1961,3.9381,3.4927,2884,2.0212,1.2189,0.7275,0.6471,0.3799,0.2771,0.1579
38830000,02/01/80,22.0355,0,4.5144,23,1,,0,0,0,0,0,0,0,0,0,0,0,0,0,9.9032,6.3574,6.0538,4173,3.0791,1.8704,1.4595,13.3808,12.0408,22.0355,15.1264,12.0408,9.5056,6.67,3.9381,3282,,
38830000,01/01/80,6.3574,0,0.7365,12,1,,0,0,0,0,0,3.0791,1.1084,0.4388,0.1268,0.0275,0.0099,6.3574,4.6676,3282,1.5896,0.8138,0.5028,0.3261,0.2771,0.1268,0.0765,0.0174,0.0048,0,0,0,0,0,0,0,0
38830000,12/01/79,0,0,0,1,1,,0,0,0,0,0,0,0,0,0,0,0,0,0,0,0,0,0,0,0,0,0,0,0,0,0,0,0,0,0,0,0
38830000,11/01/79,0,0,0,1,1,,0,0,0,0,0,0,0,0,0,0,0,0,0,0,0,0,0,0,0,0,0,0,0,0,0,0,0,0,0,0,
38830000,10/01/79,0,0,0,1,1,,0,0,0,0,0,0,0,0,0,0,0,0,0,0,0,0,0,0,0,0,0,0,0,0,0,0,0,0,0,0,0
38830000,09/01/79,0,0,0,1,1,,0,0,0,0,0,0,0,0,0,0,0,0,0,0,0,0,0,0,0,0,0,0,0,0,0,0,0,0,0,0,
38830000,08/01/79,0,0,0,1,1,,0,0,0,0,0,0,0,0,0,0,0,0,0,0,0,0,0,0,0,0,0,0,0,0,0,0,0,0,0,0,0
38830000,07/01/79,0,0,0,1,1,,0,0,0,0,0,0,0,0,0,0,0,0,0,0,0,0,0,0,0,0,0,0,0,0,0,0,0,0,0,0,0
38830000,06/01/79,0,0,0,1,1,,0,0,0,0,0,0,0,0,0,0,0,0,0,0,0,0,0,0,0,0,0,0,0,0,0,0,0,0,0,0,
38830000,05/01/79,4.4161,0,655,1,22,,4.4161,2.6966,1.7266,1.1084,1.5896,1.7266,1.4595,1.4595,1.0041,0.8138,0.5028,0.3261,0.2771,0.3261,0.2329,0.1932,0.1579,0.0998,0.0569,0.0174,0.0048,0,0,0,0.0174,0.0048,0.0765,0.0099,3.00E-04,0,0
38830000,04/01/79,40544,0,4.8877,22,20,,6.9917,5.4732,4.9276,4173,3.7114,3.0791,2.6966,2.1791,1.7266,1.4595,1.2189,0.8138,0.5028,0.2771,0.1579,0.0569,0.0275,0.0048,0.0017,0,0,40544,10.3107,16.9494,11.1555,7.3225,6.0538,4.9276,4.4161,5.4732,
38830000,03/01/79,37.5104,0,6.1698,6,23,0,0.8138,0.5722,0.3799,0.2771,0.1268,37.5104,18462,15.4849,10.7281,7.6627,6.67,5.4732,4.6676,3282,2.1791,1.2189,0.9059,0.4388,0.1932,0.0998,0.0406,0.0048,0,0,0,0,0,26272,22.4468,15.8465,9.5056
38830000,02/01/79,27.5957,0,1.2552,26,1,,0,0,0,0,0,0,0,0,0,0,0,0,0,0,0,0,0,0,0.0099,0,0,0,0,0,0,27.5957,5.1961,2.3442,,,
38830000,01/01/79,0,0,0,1,1,,0,0,0,0,0,0,0,0,0,0,0,0,0,0,0,0,0,0,0,0,0,0,0,0,0,0,0,0,0,0,0
38830000,12/01/78,,,7.05,,,,,,,,,,,,,,,,,,,,,,,,,,,,,,,,,,
38830000,11/01/78,,,0.35,,,,,,,,,,,,,,,,,,,,,,,,,,,,,,,,,,
38830000,10/01/78,0,0,0,1,1,,0,0,0,0,0,0,0,0,0,0,0,0,0,0,0,0,0,0,0,0,0,0,0,0,0,0,0,0,0,0,0
38830000,09/01/78,0.0765,3.00E-04,0.0069,6,23,,0.0174,0.0099,0.0099,0.0048,0.0048,0.0765,0.0099,0.0048,0.0017,0.0017,0.0017,0.0017,0.0017,0.0017,0.0017,0.0017,0.0017,0.0017,0.0048,0.0017,0.0048,0.0048,3.00E-04,0.0017,0.0048,0.0174,0.0048,0.0048,0.0017,3.00E-04,
38830000,08/01/78,0.6471,0.0275,0.1913,2,29,,0.3261,0.6471,0.5028,0.3799,0.4388,0.5028,0.3799,0.3261,0.2771,0.2329,0.2329,0.1932,0.1579,0.1579,0.1268,0.1268,0.1268,0.0998,0.0765,0.0765,0.0765,0.0765,0.0569,0.0406,0.0569,0.0569,0.0406,0.0406,0.0275,0.0406,0.0275
38830000,07/01/78,4173,0.1932,0.7509,10,9,,0.5722,0.5722,0.4388,0.3799,0.3799,0.2771,0.3261,0.2329,0.1932,4173,3.4927,1.8704,1.0041,0.6471,0.5028,0.4388,0.3799,0.3261,0.2771,0.6471,1.2189,0.7275,0.5722,0.5722,0.4388,0.3799,0.6471,0.5028,0.3799,0.3261,0.3799
38830000,06/01/78,12.7048,0.2771,1491,2,24,,0.9059,12.7048,7.3225,6.67,1.7266,0.9059,0.6471,0.5722,0.5028,0.4388,0.5028,0.4388,0.4388,0.5722,0.6471,0.5722,0.4388,0.5028,0.5028,0.5028,0.5722,0.4388,0.3261,0.2771,0.3261,0.3261,1.7266,1.5896,0.9059,0.7275,
38830000,05/01/78,20.4187,0.7275,6.1032,10,31,,2.1791,2.5167,12.0408,6.67,3.7114,3.0791,2.6966,2.1791,1.7266,20.4187,9.5056,11.1555,17.6998,12.7048,8.3712,6.9917,6.3574,6.67,5.1961,4.6676,14.4188,8.3712,5.4732,3282,2.6966,2.3442,1.7266,1.5896,1.2189,0.8138,0.7275
38830000,04/01/78,92.2605,0.9059,11.1337,11,27,0,2.6966,2.1791,1.5896,1.2189,1.0041,4173,2.1791,6.67,14771,9.1178,92.2605,43.1377,29.8544,30.3139,17.3231,14.4188,10.3107,6.0538,3.7114,1.8704,1.3359,4.6676,13.0412,1.0041,1.8704,1.3359,0.9059,6.3574,4.9276,3.7114,
38830000,03/01/78,179.7326,3282,50.6711,12,31,0,28.9431,118.1162,88.7424,128.1941,81977,92.2605,129.6789,26.7106,24.1196,45.7899,55.7631,179.7326,94.6567,75.5644,88.7424,61.0149,55.7631,42.6142,37.5104,28.0422,14771,12.0408,10.3107,9.1178,8.3712,7.3225,6.9917,6.0538,4.6676,3.9381,3282
38830000,02/01/78,50.8216,0,3.5019,8,1,0,0,0,0,0,0,0,0,50.8216,3.9381,2.3442,18.0794,5.7591,6.9917,3.9381,1.4595,0.5028,0.2771,0.1268,0.0275,0.0099,0.5722,0.5028,0.3799,0.3261,0.3261,0.1932,0.5722,0.9059,,,
38830000,01/01/78,0.8138,0,0.0549,1,9,,0.8138,0.4388,0.1932,0.1268,0.0765,0.0406,0.0099,0.0017,0,0,0,0,0,0,0,0,0,0,0,0,0,0,0,0,0,0,0,0,0,0,0
38830000,12/01/77,16.9494,0,1.0058,17,1,,0,0,0,0,0,0,0,0,0,0,0,0,0,0,0,3.0791,16.9494,4.4161,1.3359,1.1084,0.9059,0.7275,0.5722,0.4388,0.3799,0.3799,0.3261,0.2771,0.1268,0.0998,0.0569
38830000,11/01/77,,,0,,,,,,,,,,,,,,,,,,,,,,,,,,,,,,,,,,
38830000,10/01/77,0.2771,0,0.0766,4,13,,0.2329,0.1932,0.2329,0.2771,0.2329,0.2329,0.2329,0.1932,0.2329,0.1579,0.0998,0.0569,0,0,0,0,0,0,0,0,0,0,0,0,0,0,0,0,0,0,0
38830000,09/01/77,0.5722,0.2329,0.3428,19,30,,0.3261,0.2771,0.4388,0.3799,0.2771,0.5028,0.3799,0.3799,0.3261,0.2771,0.2771,0.3261,0.3261,0.2771,0.3799,0.2771,0.3261,0.4388,0.5722,0.4388,0.3799,0.3799,0.3261,0.2771,0.2771,0.3261,0.2771,0.3261,0.2771,0.2329,
38830000,08/01/77,6.67,0.2771,1.2356,6,28,,1.1084,1.1084,2.1791,1.7266,1.2189,6.67,5.4732,3.9381,2.0212,1.2189,1.2189,0.9059,0.9059,0.6471,0.5722,0.6471,0.6471,0.5722,0.5722,0.5722,0.5028,0.4388,0.4388,0.4388,0.3799,0.3799,0.3261,0.2771,0.3799,0.3799,0.4388
38830000,07/01/77,6.9917,1.5896,2.6857,7,23,,2.6966,2.3442,2.1791,2.6966,2.5167,4.9276,6.9917,2.5167,2.1791,3.4927,3282,2884,2.3442,2.1791,2.0212,1.7266,1.8704,2.1791,1.8704,1.7266,2.3442,1.8704,1.5896,1.8704,3.7114,3.4927,3282,3.0791,2.6966,2.5167,2.1791
38830000,06/01/77,9.9032,0.9059,3.5992,7,15,,2.3442,2.1791,3.9381,8.3712,6.67,5.1961,9.9032,6.3574,5.1961,3.4927,1.7266,1.1084,1.2189,1.1084,0.9059,2.0212,3.7114,3.7114,3.7114,3.9381,2884,2.1791,1.5896,3.0791,2.3442,2.3442,5.7591,4.4161,3.4927,3.0791,
38830000,05/01/77,1031.4806,2884,84.0306,1,31,0,1031.4806,655.8159,129.6789,46.3273,217.2866,155.0198,77.6633,50.8216,37.0133,15.1264,8.3712,22.4468,17.6998,14.4188,12.4989,19.6273,17.3231,11.5931,5.7591,4.6676,4173,6.0538,9.9032,6.67,5.7591,4.6676,3.7114,3.4927,3.7114,3282,2884
38830000,04/01/77,950543,0.4388,111.7855,30,26,0,13.0412,3.9381,67547,29.3974,19.6273,16.5787,412.9919,34.0821,24.1196,26.7106,13.7237,5.7591,6.67,3.7114,2.5167,1.8704,1.4595,6.3574,1.7266,1.2189,0.5722,1.2189,0.7275,0.8138,0.6471,0.4388,4173,884.6337,816.7498,950543,
38830000,03/01/77,64.6932,0,4.9187,18,1,0,0,0,0,0,0,0,0,0,0,0,0,0,0,0,0,0,0,64.6932,47409,13.0412,2.6966,2.5167,1.8704,3.0791,2.0212,2.0212,1.8704,1.5896,1.4595,1.2189,6.9917
38830000,02/01/77,,,4.09,,,,,,,,,,,,,,,,,,,,,,,,,,,,,,,,,,
38830000,01/01/77,0.3799,0,25,30,1,,0,0,0,0,0,0,0,0,0,0,0,0,0,0,0,0,0,0,0,0,0,0,0,0,0.2771,0.0406,0,0,0,0.3799,0.0765
38830000,12/01/76,,,7.14,,,,,,,,,,,,,,,,,,,,,,,,,,,,,,,,,,
38830000,11/01/76,,,0,,,,,,,,,,,,,,,,,,,,,,,,,,,,,,,,,,
38830000,10/01/76,,,0,,,,,,,,,,,,,,,,,,,,,,,,,,,,,,,,,,
38830000,09/01/76,,,0.08,,,,,,,,,,,,,,,,,,,,,,,,,,,,,,,,,,
38830000,08/01/76,,,0.4,,,,,,,,,,,,,,,,,,,,,,,,,,,,,,,,,,
38830000,07/01/76,,,2.2,,,,,,,,,,,,,,,,,,,,,,,,,,,,,,,,,,
38830000,06/01/76,,,0,,,,,,,,,,,,,,,,,,,,,,,,,,,,,,,,,,
38830000,05/01/76,11.1555,0,1.1307,23,12,,1.3359,1.0041,0.9059,0.5722,0.4388,0.3261,0.2329,0.1932,0.1268,0.0569,0.0174,0,0,0,0,0,0,0,0,0,0,0,11.1555,6.67,3.7114,3.0791,2.1791,1.4595,1.0041,0.5722,0.0099
38830000,04/01/76,266.5864,1.5896,15.6068,1,23,,266.5864,43.6635,24.1196,14771,12.0408,8.7397,6.0538,4.9276,4173,4.4161,6.67,4.9276,3.9381,3.4927,2.6966,4173,10.7281,3.9381,3.4927,2884,2.3442,1.8704,1.5896,4.4161,7.6627,4.4161,2884,2.6966,2.0212,1.8704,
38830000,03/01/76,193.0175,0,15.3569,29,5,0,0.0569,0.0275,0.0099,0.0099,0,0,0,0,0.4388,0.1932,0.1268,0.0765,0.0275,0.8138,0.7275,0.7275,0.5722,0.3261,0.2329,0.1579,0.2329,0.0406,0.0275,0.0099,27.5957,83.0798,41058,12.7048,193.0175,68.5165,45.2548
38830000,02/01/76,42.6142,0,3.3811,12,1,,0,0,0,0,0,0,0,0,0,0,0,42.6142,5.4732,9.1178,8.3712,7.3225,6.9917,5.1961,3.7114,2.0212,1.8704,1.3359,1.2189,1.0041,0.6471,0.4388,0.3261,0.2329,0.1579,,
38830000,01/01/76,0.0998,0,0.0185,9,14,,0.0765,0.0569,0.0406,0.0275,0.0406,0.0275,0.0275,0.0174,0.0998,0.0765,0.0569,0.0174,0.0099,0,0,0,0,0,0,0,0,0,0,0,0,0,0,0,0,0,0
38830000,12/01/75,24.9724,0,2.4421,5,1,,0,0,0,11.5931,24.9724,1.0041,0.2329,8.3712,0.8138,0.0998,0.1579,0.0765,0.0406,0.0406,0.0174,0.0174,0,0,0,0,16.5787,4.4161,2.6966,1.5896,0.8138,0.6471,0.5028,0.4388,0.3261,0.1579,0.0998
38830000,11/01/75,,,2.94,,,,,,,,,,,,,,,,,,,,,,,,,,,,,,,,,,
38830000,10/01/75,0.0174,0,6.00E-04,2,1,,0,0.0174,0,0,0,0,0,0,0,0,0,0,0,0,0,0,0,0,0,0,0,0,0,0,0,0,0,0,0,0,0
38830000,09/01/75,0.3261,0.0174,0.1209,1,30,,0.3261,0.2329,0.2329,0.3261,0.1932,0.1579,0.1579,0.1268,0.1579,0.1579,0.1579,0.1268,0.0998,0.1268,0.1268,0.1268,0.0998,0.0998,0.0998,0.0998,0.0569,0.0569,0.0569,0.0406,0.0406,0.0275,0.0406,0.0275,0.0275,0.0174,
38830000,08/01/75,1.5896,0.2771,0.6106,1,24,,1.5896,1.3359,1.2189,1.1084,0.9059,0.7275,0.8138,0.6471,0.6471,0.5722,0.5028,0.5722,0.6471,0.5722,0.5722,0.5028,0.5028,0.4388,0.5028,0.4388,0.3799,0.3799,0.3261,0.2771,0.3261,0.7275,0.4388,0.3261,0.2771,0.3261,0.3261
38830000,07/01/75,41058,0.5028,7542,17,3,,0.7275,0.5722,0.5028,0.6471,6.67,13.3808,15.1264,6.9917,4.9276,3.0791,1.8704,1.4595,1.7266,1.2189,1.3359,1.2189,41058,30.3139,29.8544,15.1264,11.1555,8.7397,7.3225,6.9917,5.1961,4173,3282,2.3442,2884,2.1791,1.7266
38830000,06/01/75,6.0538,0.5722,1.7356,7,27,,2884,2884,2884,2.0212,1.7266,1.2189,6.0538,4.4161,3.0791,2.5167,2.0212,1.8704,1.7266,1.7266,1.5896,1.4595,1.2189,1.1084,1.0041,1.0041,0.9059,0.9059,0.8138,0.8138,0.7275,0.6471,0.5722,0.7275,0.7275,0.8138,
38830000,05/01/75,89905,3.4927,18.0281,5,31,0,52.4348,45.2548,33.1249,24.5446,89905,54.9182,28.0422,20.4187,17.3231,16.2111,14.4188,12.4989,9.5056,8.0122,8.0122,6.0538,4.6676,7.3225,15.1264,17.3231,11.5931,11.1555,9.9032,8.0122,6.3574,5.7591,4.9276,4.6676,4173,3.7114,3.4927
38830000,04/01/75,221.5194,1.5358,26.9559,25,20,0,8.4434,6.7408,5.6372,4.8702,4388,4.1558,3.2861,2.8871,2.3342,9.9751,14.9403,24.1272,8.9351,6.1775,5.3757,4388,3.4946,3.2861,2.1621,1.5358,10.8059,13.2443,31.0094,40.4453,221.5194,108.5808,33.9701,66.5866,93.4535,61.9211,
38830000,03/01/75,257.3768,1.5358,36.6409,8,25,0,8.4434,98.3284,52.4348,19.1684,16.0243,6.1775,11.9838,257.3768,168.8428,135733,65.6354,14.2455,10.2471,8.9351,10.8059,7.0311,5.6372,5.12,3.9294,3.2861,2.8871,2.5124,2.3342,1.9962,1.5358,49.2417,49.2417,41.1347,31.5872,13.5726,30.4387
38830000,02/01/75,37.7647,0,3.3607,10,1,0,0,0,0.2753,0.2753,1.2603,1.2603,1.2603,2.8871,13.5726,37.7647,8.4434,3.0836,2.1621,1.5358,1.0105,589,0.3434,0.2143,114,75,0.0204,0.0056,0,0,0,0,0,17.9452,,,
38830000,01/01/75,160.1113,0,5.5864,21,1,0,0,0,0,0,0,0,0,0,0,0,0,0,0,0,0,0,0,0,0,0,160.1113,8.4434,1.1322,114,0,0,0,0.0056,114,1.9962,1.2603
38830000,12/01/74,5.3757,0,0.1758,6,1,0,0,0,0,0,0,5.3757,75,0,0,0,0,0,0,0,0,0,0,0,0,0,0,0,0,0,0,0,0,0,0,0,0
38830000,11/01/74,,,0,,,,,,,,,,,,,,,,,,,,,,,,,,,,,,,,,,
38830000,10/01/74,,,0,,,,,,,,,,,,,,,,,,,,,,,,,,,,,,,,,,
38830000,09/01/74,0,0,0,1,1,0,0,0,0,0,0,0,0,0,0,0,0,0,0,0,0,0,0,0,0,0,0,0,0,0,0,0,0,0,0,0,
38830000,08/01/74,0.1605,0,0.0385,14,7,0,75,75,0.0437,0.0056,0.0204,0.0437,0,0,0,0.0204,0.0437,0.0204,75,0.1605,114,114,114,75,75,75,0.0204,0.0056,0,0,0,0,0,0,0.0056,0.0056,0.0056
38830000,07/01/74,7.3271,75,2.2627,1,31,0,7.3271,4.6262,4.6262,4.1558,3.9294,4.6262,4388,3.9294,3.9294,3.4946,3.2861,3.0836,3.0836,2.5124,1.9962,1.8365,1.5358,1.5358,1.1322,1.1322,0.7866,0.6845,0.5003,0.4184,0.4184,0.3434,0.2143,0.2143,0.1605,0.1605,75
38830000,06/01/74,16.0243,0.7866,2961,29,28,0,6.7408,5.6372,5.12,4.1558,3709,3709,3.2861,3.0836,2.5124,2.3342,1.9962,1.8365,1683,1.3949,1.1322,1.2603,1.3949,1.1322,0.8953,1.0105,1683,1683,1.3949,1.2603,1.2603,1.1322,0.8953,0.7866,16.0243,8.6869,
38830000,05/01/74,14.9403,2.8871,8.4285,2,22,0,14.2455,14.9403,13.5726,12.6035,11.6817,10.5241,9.9751,10.5241,10.5241,9.7079,9.7079,8.9351,8.4434,8.2044,7.9361,7.3271,7.0311,5.9045,4.8702,4388,3.4946,2.8871,4.1558,7.9361,7.0311,6.7408,7.3271,7.0311,6.7408,8.6869,8.2044
38830000,04/01/74,728.6213,13.5726,88.3328,20,30,0,31.0094,39.0897,50.0275,62.8361,57.4787,63.7602,61.0149,59.2292,119.5223,79.8007,54.0819,43.2498,26.6385,15296,67547,92.2605,137.2754,206.9414,54.9182,728.6213,255.0299,91.0777,71.4808,37.1136,32.1721,30.4387,28.2258,24.6162,15.6573,13.5726,
38830000,03/01/74,326.3119,2.1621,63.0791,2,20,0,123.8076,326.3119,34584,4.8702,28.7686,16.3969,16.7753,7.3271,8.9351,12291,9.7079,4.1558,9.9751,15.6573,21.3283,14.2455,13.5726,6.1775,7.3271,2.1621,10.8059,108.5808,213.1081,98.3284,67547,141.9727,276.6723,211.0391,61.0149,49.2417,32.7642
38830000,02/01/74,103.3699,0.3434,19.8389,28,10,0,46181,50.8216,46.9339,43.9706,37.7647,26.6385,12.6035,2.6967,0.6845,0.3434,7.9361,20884,2.5124,7.6287,1.2603,1.2603,589,1.2603,3.9294,11.0928,10.2471,1.1322,6.4563,13.9063,22.2358,29.3183,41.8318,103.3699,,,
38830000,01/01/74,409.7738,0,21.4575,30,1,0,0,0,0,0,0,0,0,0,0,0,0,0,0,0,0,0,0,0,52.4348,26.1229,14.2455,1.2603,0,0,0.8953,589,0.2143,75,102.0937,409.7738,57.4787
38830000,12/01/73,,,7.05,,,,,,,,,,,,,,,,,,,,,,,,,,,,,,,,,,
38830000,11/01/73,,,1.72,,,,,,,,,,,,,,,,,,,,,,,,,,,,,,,,,,
38830000,10/01/73,36.47,0,1.3116,2,1,0,0,36.47,3.4946,0.3434,0.2753,75,0,0,0,0,0,0,0,0,0,0,0,0,0,0,0,0,0,0,0,0,0,0,0,0,0
38830000,09/01/73,,,0.19,,,,,,,,,,,,,,,,,,,,,,,,,,,,,,,,,,
38830000,08/01/73,,,0.38,,,,,,,,,,,,,,,,,,,,,,,,,,,,,,,,,,
38830000,07/01/73,0.3434,0,0.0288,6,4,0,0.0056,0.0056,0.0204,0,0,0.3434,0.2753,0.1605,75,0.0056,0,0,0,0,0,0,0,0,0,0,0,0,0,0,0,0,0,0,0,0,0
38830000,06/01/73,0.7866,0.0204,0.2641,6,26,0,0.3434,0.4184,0.4184,0.4184,0.3434,0.7866,0.4184,589,0.5003,0.4184,0.4184,0.3434,0.3434,0.2753,0.2143,0.1605,114,0.1605,0.1605,0.2143,0.2143,0.2143,0.1605,75,75,0.0204,0.0437,0.0204,0.0204,0.0204,
38830000,05/01/73,71.4808,0.4184,9.6846,12,27,0,1.8365,1.0105,1.0105,2.6967,0.7866,5.12,15296,9.4456,10.8059,6.7408,37.7647,71.4808,46181,22.2358,14.9403,12.9212,8.9351,7.0311,4388,3.4946,3.0836,3.0836,2.3342,1.8365,1.5358,0.8953,0.4184,0.4184,0.8953,1.0105,589
38830000,04/01/73,200.8948,114,24.9677,13,10,0,589,1.2603,2.1621,3.2861,4.6262,9.9751,11.0928,3.4946,0.6845,114,114,11.6817,200.8948,111.2507,102.0937,75.5644,52.4348,29.3183,20884,9.7079,9.4456,9.9751,11.0928,12.6035,5.12,11.9838,11.6817,10.5241,12291,3.0836,
38830000,03/01/73,,,,,,0,,,,,,,,,,,,52.4348,11.6817,7.9361,103.3699,11.3847,5.9045,4.8702,7.9361,4.6262,12291,15296,3709,2.1621,0.6845,0.2753,0.1605,0.1605,0.2753,0.2143,0.1605
38830000,02/01/73,,,,,,0,,,,,,,,,,,,,,,,,,,,,,,,,,13.5726,6.7408,4388,,,
38830000,01/01/73,,,,,,0,,,,,,,,,,,,,30.4387,28.2258,27.6899,8.9351,,,,,,,,,,,,,,,
38830000,12/01/72,26.1229,0,1.8133,20,1,0,0,0,0,0,0,0,0,0,0,0,0,0,0,0,0,0,0,0,0,26.1229,11.6817,6.4563,3.9294,2.1621,1.0105,589,0.2753,0.0437,0.0056,0.0056,3.9294
38830000,11/01/72,,,1.34,,,,,,,,,,,,,,,,,,,,,,,,,,,,,,,,,,
38830000,10/01/72,,,0,,,,,,,,,,,,,,,,,,,,,,,,,,,,,,,,,,
38830000,09/01/72,,,0.21,,,,,,,,,,,,,,,,,,,,,,,,,,,,,,,,,,
38830000,08/01/72,,,0.65,,,,,,,,,,,,,,,,,,,,,,,,,,,,,,,,,,
38830000,07/01/72,4.1558,0,0.2585,9,1,0,0,0,0,0,0,0,0,1.5358,4.1558,2.1621,0.1605,0,0,0,0,0,0,0,0,0,0,0,0,0,0,0,0,0,0,0,0
38830000,06/01/72,1.3949,0,0.1067,1,17,0,1.3949,0.4184,0.1605,0.1605,114,0.0437,0.0437,75,0.0437,0.0204,0.0056,0.0204,0.1605,75,75,0.0056,0,0,0,0,0,0,0.1605,0.1605,0.0437,0.0204,0,0,0,0,
38830000,05/01/72,4388,0.0204,0.8254,2,21,0,4.1558,4388,3.4946,2.3342,1.5358,1.0105,0.7866,0.8953,0.7866,1.0105,0.6845,0.5003,0.4184,0.2753,0.2753,0.1605,114,114,75,75,0.0204,0.0437,114,0.5003,0.3434,589,0.2753,0.2143,0.1605,75,0.1605
38830000,04/01/72,67547,0,5.3293,18,14,0,4.6262,4.6262,3.2861,2.1621,1.5358,1.2603,0.6845,0.4184,0.2753,114,0.0437,0.0056,0.0056,0,0,0,0,67547,10.2471,21.3283,13.9063,7.0311,5.6372,3.9294,2.1621,2.1621,1.8365,1683,1683,1683,
38830000,03/01/72,20.4459,0,1.8308,20,9,0,2.6967,0.8953,0.4184,0.4184,114,75,0.0056,0.0056,0,0,0,0,0,0,0,0,0,0,0,20.4459,3709,1.9962,0.8953,0.4184,0.8953,0.4184,0.3434,0.2753,0.1605,7.6287,14.9403
38830000,02/01/72,15296,0,1655,17,1,0,0,0,0,0,0,0,0,0,0,0,0,0,0,0,0,0,15296,4388,6.7408,3.4946,1.9962,2.1621,1.8365,0.7866,589,2.6967,1.8365,3.2861,2.8871,,
38830000,01/01/72,,,0,,,,,,,,,,,,,,,,,,,,,,,,,,,,,,,,,,
38830000,12/01/71,,,7.11,,,,,,,,,,,,,,,,,,,,,,,,,,,,,,,,,,
38830000,11/01/71,,,0,,,,,,,,,,,,,,,,,,,,,,,,,,,,,,,,,,
38830000,10/01/71,,,0,,,,,,,,,,,,,,,,,,,,,,,,,,,,,,,,,,
38830000,09/01/71,,,0.2,,,,,,,,,,,,,,,,,,,,,,,,,,,,,,,,,,
38830000,08/01/71,0,0,0,1,1,0,0,0,0,0,0,0,0,0,0,0,0,0,0,0,0,0,0,0,0,0,0,0,0,0,0,0,0,0,0,0,0
38830000,07/01/71,0.0437,0,0.0014,28,1,0,0,0,0,0,0,0,0,0,0,0,0,0,0,0,0,0,0,0,0,0,0,0,0,0,0,0,0,0.0437,0,0,0
38830000,06/01/71,48.4642,0,10.2013,4,24,0,11.3847,33.9701,46181,48.4642,35.8339,32.1721,31.0094,17.1594,8.6869,7.3271,5.6372,5.12,4.8702,4.1558,3.9294,3.0836,2.5124,1.5358,1.2603,0.8953,0.5003,0.2753,75,0,0,0,0,0,0,0,
38830000,05/01/71,73.5037,0.2753,17.5275,3,30,0,56.6166,65.6354,73.5037,68.5165,9.4456,66.5866,49.2417,33.3635,24.6162,19.1684,12.9212,10.5241,9188,7.3271,6.4563,5.9045,4.8702,3.2861,2.3342,1.9962,1.8365,1.8365,1683,1.5358,1.3949,1.1322,0.8953,0.5003,0.3434,0.2753,0.4184
38830000,04/01/71,150.0374,589,40.6354,25,1,0,589,589,589,27.6899,30.4387,8.6869,61.9211,58.3496,70.4834,56.6166,34584,81977,50.0275,35.8339,59.2292,30.4387,11.9838,8.4434,10.5241,2.5124,1.9962,9.9751,5.3757,105954,150.0374,63.7602,46.9339,51624,80884,61.0149,
38830000,03/01/71,41.1347,0,5.8569,30,1,0,0,0,0,0,17.1594,2.1621,2.3342,1.1322,0.6845,0.3434,0.3434,75,0.0204,0,0,0.2143,0,0,0.0204,0.1605,0.4184,34584,4388,17.5494,14.2455,11.3847,7.6287,19.5881,4.1558,41.1347,1.8365
38830000,02/01/71,,,10.55,,,,,,,,,,,,,,,,,,,,,,,,,,,,,,,,,,
38830000,01/01/71,,,5.84,,,,,,,,,,,,,,,,,,,,,,,,,,,,,,,,,,
38830000,12/01/70,,,7.05,,,,,,,,,,,,,,,,,,,,,,,,,,,,,,,,,,
38830000,11/01/70,,,0.96,,,,,,,,,,,,,,,,,,,,,,,,,,,,,,,,,,
38830000,10/01/70,,,0,,,,,,,,,,,,,,,,,,,,,,,,,,,,,,,,,,
38830000,09/01/70,,,0.2,,,,,,,,,,,,,,,,,,,,,,,,,,,,,,,,,,
38830000,08/01/70,,,0.71,,,,,,,,,,,,,,,,,,,,,,,,,,,,,,,,,,
38830000,07/01/70,,,2.42,,,,,,,,,,,,,,,,,,,,,,,,,,,,,,,,,,
38830000,06/01/70,0,0,0,1,1,,0,0,0,0,0,0,0,0,0,0,0,0,0,0,0,0,0,0,0,0,0,0,0,0,0,0,0,0,0,0,
38830000,05/01/70,1.8365,0,0.1492,1,12,0,1.8365,1.0105,589,0.2753,0.2143,114,75,0.0056,0.2143,0.2143,75,0,0,0,0,0,0,0,0,0,0,0,0,0,0,0,0,0,0,0,0
38830000,04/01/70,4.6262,0,871,27,18,0,0.2143,0.2143,0.1605,0.1605,114,114,2.6967,1.2603,1.0105,589,589,0.2753,0.2143,0.2143,0.1605,75,0.0204,0,0.0056,0,0,0,0,0.7866,2.1621,1.5358,4.6262,2.8871,3709,2.3342,
38830000,03/01/70,1.2603,0,0.1713,21,1,0,0,0,0,0,0,0,0,0,0,0,0,0,0,0,0,0,0,0,0,0,1.2603,0.7866,0.6845,0.6845,0.4184,0.2753,0.2753,0.1605,0.2753,0.2143,0.2753
